"TEXT","TEXT","TEXT","DATE","DATE","TEXT","TEXT"
"first_name","last_name","email","dob","since","customerid","country"
"Kanh","Bell","mbellpz@intel.com","2004-02-09","2023-11-29","KanhB2004","Singapore"
"Eric","Jordan","ejordani@spiegel.de","1996-07-28","2023-08-10","EJordan1996","Malaysia"
"Keith","Stanley","kstanley70@cbc.ca","2004-11-20","2023-10-10","KeithS2004","Indonesia"
"Jean","Lee","jleeix@myspace.com","2002-04-27","2024-01-16","LJean02","Singapore"
"Rebecca","Ooi","rooir5@csmonitor.com","1998-07-02","2023-11-21","ORebecca98","Malaysia"
"Joseph","Mao","jmaor6@bizjournals.com","1996-10-15","2023-09-15","MaoJ1996","Singapore"
"Kevin","Singh","ksingh3k@apache.org","2002-01-20","2023-07-17","SinghK02","Malaysia"
"Kenneth","Ortiz","kortiz3m@diigo.com","2000-07-13","2023-12-12","OKenneth2000","Thailand"
"Beverly","Carroll","bcarroll3n@infoseek.co.jp","2005-06-28","2024-04-22","BeverlyC05","Indonesia"
"Louise","Torres","ltorres3o@parallels.com","1995-02-18","2024-04-02","LouiseT","Malaysia"
"Michael","Morris","mmorris3p@chronoengine.com","2006-11-30","2024-01-14","MichaelM06","Singapore"
"Rachel","Rice","rrice3q@hexun.com","2009-07-23","2024-02-29","RRachel09","Singapore"
"Dennis","Morales","dmorales5x@microsoft.com","2004-05-11","2023-07-20","DennisM","Indonesia"
"Marilyn","Howell","mhowell5y@indiatimes.com","2011-04-03","2023-09-26","MarilynH2011","Vietnam"
"Pamela","Black","pblack8a@unc.edu","1994-02-26","2023-09-24","BPamela1994","Singapore"
"Rebecca","Ray","rray8b@blogtalkradio.com","1998-10-01","2024-06-21","RayR1998","Singapore"
"Charles","Shaw","cshaw8c@umich.edu","2011-08-15","2023-11-10","CharlesS","Thailand"
"Alan","Richards","arichards8d@intel.com","1995-03-09","2024-06-01","RichardsA","Singapore"
"Samuel","Bailey","sbaileyan@toplist.cz","2010-10-31","2024-04-16","BaileyS","Indonesia"
"Kelly","Bradley","kbradleyd0@businessweek.com","1996-06-08","2024-02-29","BKelly","Malaysia"
"Janice","Graham","jgrahamd1@soup.io","2004-09-12","2023-10-28","GrahamJ04","Indonesia"
"Marilyn","Black","mblackd2@360.cn","1997-08-30","2023-11-02","BMarilyn97","Singapore"
"James","Goh","jgohd5@europa.eu","2007-04-19","2024-02-25","GJames07","Malaysia"
"Denise","Hayes","dhayesj@amazonaws.com","2001-10-03","2024-01-30","HDenise","Indonesia"
"Douglas","George","dgeorgek@behance.net","2008-11-22","2023-09-27","GDouglas","Singapore"
"Terry","Murray","tmurrayl@ycombinator.com","2011-05-03","2024-03-19","MTerry2011","Singapore"
"Tammy","Alvarez","talvarezm@soundcloud.com","2003-09-14","2023-07-27","TAlvarez2003","Singapore"
"Jennifer","Lee","jleen@mlb.com","2000-09-10","2023-11-12","LJennifer2000","Singapore"
"Janice","Burns","jburnsp@youku.com","2008-10-25","2024-06-28","BJanice","Singapore"
"Joshua","Dean","jdeanr@reverbnation.com","2000-06-27","2023-12-18","DJoshua2000","Indonesia"
"Howard","Richards","hrichardss@boston.com","2004-09-03","2024-04-24","RichardsH2004","Malaysia"
"Amy","Webb","awebbt@fastcompany.com","2007-10-11","2024-02-28","AWebb2007","Indonesia"
"Joshua","Rose","jroseu@biblegateway.com","2006-08-05","2024-02-21","RJoshua2006","Vietnam"
"Jessica","Carr","jcarrv@marriott.com","2012-02-27","2023-11-02","CJessica12","Vietnam"
"Alan","Johnson","ajohnsonw@guardian.co.uk","2002-11-20","2024-02-25","JohnsonA","Malaysia"
"Walter","Foo","wfoox@seesaa.net","2008-02-26","2023-09-26","WFoo08","Thailand"
"Kevin","Woods","kwoodsy@reference.com","1995-09-26","2023-08-17","KevinW95","Vietnam"
"Stephanie","Hayes","shayesz@census.gov","2005-06-25","2024-06-12","HayesS2005","Thailand"
"George","Flores","gflores10@stanford.edu","2005-12-14","2024-03-10","FloresG05","Thailand"
"Edward","Robinson","erobinson11@istockphoto.com","2004-01-21","2024-03-20","ERobinson04","Malaysia"
"Peter","Watson","pwatson12@nature.com","2011-09-05","2024-01-26","WPeter2011","Malaysia"
"Joseph","Griffin","jgriffin14@123-reg.co.uk","2006-02-07","2023-08-04","JosephG","Singapore"
"Ernest","Jacobs","ejacobs15@live.com","2010-10-20","2023-12-24","ErnestJ","Thailand"
"Scott","Harris","sharris16@whitehouse.gov","1993-05-01","2024-02-04","HScott93","Indonesia"
"Howard","Castillo","hcastillo17@cafepress.com","1995-12-06","2024-04-10","HowardC1995","Indonesia"
"Ruby","Powell","rpowell18@parallels.com","2002-06-24","2023-09-20","PowellR2002","Singapore"
"Evelyn","Perez","eperez19@google.com","1994-11-20","2024-03-05","EPerez","Malaysia"
"Robert","Welch","rwelch1a@wufoo.com","1995-09-15","2023-11-16","WelchR1995","Singapore"
"Scott","Alexander","salexander1b@xrea.com","2005-10-14","2023-11-19","AScott","Malaysia"
"Donna","Campbell","dcampbell1c@ycombinator.com","1998-06-07","2024-05-26","CampbellD","Indonesia"
"James","Ramirez","jramirez1d@unesco.org","2006-08-02","2023-08-19","RJames2006","Singapore"
"Philip","Lee","plee1e@mozilla.org","2007-12-21","2023-10-22","LeeP","Singapore"
"Bonnie","Payne","bpayne1f@theguardian.com","1996-08-13","2024-03-03","BPayne96","Indonesia"
"Teresa","Mendoza","tmendoza1g@youku.com","1993-06-05","2023-12-10","TeresaM93","Singapore"
"Charles","Lawson","clawson1h@usatoday.com","2001-03-27","2023-09-04","LawsonC01","Singapore"
"Jose","Mccoy","jmccoy1i@wordpress.org","2000-02-15","2023-09-03","MccoyJ","Singapore"
"Joe","Roberts","jroberts1j@deviantart.com","1997-04-08","2023-10-04","JRoberts97","Indonesia"
"Kathy","Welch","kwelch1k@pinterest.com","1995-08-26","2024-03-02","WelchK1995","Indonesia"
"Peter","West","pwest1l@wsj.com","2008-04-15","2023-10-01","WestP08","Indonesia"
"Donna","Olson","dolson1m@weebly.com","2000-03-19","2023-07-25","ODonna00","Singapore"
"Martha","Porter","mporter1n@yolasite.com","2010-08-23","2024-05-22","PorterM","Vietnam"
"Jane","Gomez","jgomez1o@epa.gov","2007-02-03","2024-02-22","GomezJ07","Indonesia"
"Jeremy","Young","jyoung1p@indiatimes.com","2004-07-06","2023-10-19","YJeremy2004","Singapore"
"Johnny","Gilbert","jgilberte8@nymag.com","2001-08-16","2023-07-15","GilbertJ","Malaysia"
"Tammy","Lee","tlee1@barnesandnoble.com","2010-11-12","2024-02-21","TammyL2010","Singapore"
"Rebecca","Garza","rgarza2@cornell.edu","1996-08-08","2024-03-26","RebeccaG96","Malaysia"
"Walter","Leong","wleong3@shop-pro.jp","1995-08-24","2023-12-12","WalterL1995","Singapore"
"Kathryn","Edwards","kedwards4@twitter.com","2006-01-24","2023-11-17","EKathryn","Singapore"
"Helen","Hanson","hhanson6@mediafire.com","2010-03-11","2024-05-11","HHelen10","Singapore"
"Kathy","Reid","kreid7@cbsnews.com","1995-03-06","2023-12-15","ReidK1995","Malaysia"
"Denise","Gonzalez","dgonzalez9@slate.com","1995-02-03","2024-01-26","GDenise95","Malaysia"
"Matthew","Vasquez","mvasqueza@nymag.com","2000-12-28","2023-12-15","VasquezM2000","Singapore"
"Stephen","Sullivan","ssullivanb@noaa.gov","1998-05-24","2023-12-21","SStephen","Vietnam"
"Carolyn","Patterson","cpattersonc@liveinternet.ru","2011-06-01","2023-12-04","CPatterson2011","Indonesia"
"Brenda","Jenkins","bjenkinsd@mashable.com","2004-11-13","2023-07-09","JenkinsB","Indonesia"
"Ralph","Thomas","rthomasf@imgur.com","1995-08-04","2024-03-11","ThomasR95","Singapore"
"Todd","Barnes","tbarnesg@sina.com.cn","2006-09-16","2023-07-22","BarnesT2006","Vietnam"
"Wanda","Burns","wburnsq@gnu.org","1999-07-07","2024-04-17","BWanda","Singapore"
"Marilyn","Ortiz","mortiz1q@harvard.edu","2004-11-15","2023-08-20","OMarilyn","Singapore"
"Craig","Matthews","cmatthewsqm@reverbnation.com","2010-01-01","2024-06-08","CraigM10","Thailand"
"Antonio","Freeman","afreemanqn@wikia.com","2010-12-24","2023-12-24","AFreeman10","Thailand"
"Donald","Wells","dwellsqo@angelfire.com","2009-08-13","2023-07-16","WDonald2009","Singapore"
"Marie","Mills","mmillsqp@telegraph.co.uk","2002-05-21","2023-11-19","MarieM","Singapore"
"Gerald","Tranh","gtranhqs@privacy.gov.au","2003-09-11","2024-01-13","TranhG03","Malaysia"
"Philip","Vasquez","pvasquezqt@sina.com.cn","2005-09-06","2024-02-14","PhilipV05","Malaysia"
"Donna","Kanhez","dkanhezqu@princeton.edu","2005-09-01","2023-07-24","KanhezD","Singapore"
"Frances","Santoso","fsantosoqv@canalblog.com","2000-06-03","2024-05-19","FrancesS00","Vietnam"
"Susan","Singh","ssinghqw@wired.com","2001-06-15","2023-12-19","SusanS","Singapore"
"Edward","Trinh","etrinhqx@so-net.ne.jp","2000-04-07","2023-08-17","TrinhE","Singapore"
"Kenneth","Nguyen","knguyenqy@dion.ne.jp","2008-11-24","2023-11-06","NKenneth","Thailand"
"Amy","Jenkins","ajenkinsqz@plala.or.jp","2008-08-11","2024-01-06","AJenkins2008","Indonesia"
"Louis","Wijaya","lwijayar0@fema.gov","2005-02-04","2023-08-24","WijayaL2005","Vietnam"
"Clarence","Little","clittler1@a8.net","2003-01-06","2024-05-23","LClarence2003","Malaysia"
"Kanh","Alvarez","malvarezr2@time.com","1994-09-13","2024-02-13","AlvarezK94","Singapore"
"Lori","Porter","lporterr3@wikispaces.com","1995-11-06","2024-02-13","PorterL","Singapore"
"Margaret","Taylor","mtaylorr4@nhs.uk","2005-08-12","2024-04-30","TMargaret2005","Indonesia"
"Deborah","Ruiz","druiz0@drupal.org","2024-01-01","2024-04-17","RuizD24","Singapore"
"Chris","Cox","ccoxqq@ask.com","1993-07-31","2024-02-18","CCox1993","Indonesia"
"Annie","Welch","awelcho@rakuten.co.jp","2013-02-03","2024-04-09","WelchA","Singapore"
"Amanda","Spencer","aspencerr7@reverbnation.com","2010-01-14","2024-03-28","SAmanda","Singapore"
"Anne","Kanh","akanhr8@plala.or.jp","2010-12-01","2023-09-22","AnneK2010","Indonesia"
"Cynthia","Carroll","ccarrollr9@kickstarter.com","2003-01-13","2023-09-05","CCynthia2003","Vietnam"
"Laura","Robertson","lrobertsonra@virginia.edu","2007-03-10","2024-04-18","RLaura","Singapore"
"Jesse","Ford","jfordrb@yandex.ru","1996-04-18","2024-05-09","FJesse1996","Malaysia"
"Dennis","Song","dsongrc@cbsnews.com","2008-05-14","2024-01-31","DennisS08","Singapore"
"Roy","Burns","rburnsrd@rambler.ru","2006-08-31","2024-02-05","RBurns","Vietnam"
"Timothy","Mitchell","tmitchellre@studiopress.com","2001-07-18","2023-07-06","MTimothy","Indonesia"
"Helen","Cook","hcookrf@usa.gov","2004-05-23","2023-09-16","HelenC2004","Singapore"
"Sara","Trinh","strinhrg@cbc.ca","2002-05-27","2024-02-29","SaraT02","Thailand"
"Jessica","Goh","jgohrh@trellian.com","1999-10-27","2023-09-19","GJessica99","Indonesia"
"Gary","Sri","gsriri@homestead.com","1993-07-05","2024-06-15","SGary93","Singapore"
"Elizabeth","Flores","efloresrj@ebay.com","1997-07-29","2023-09-23","FloresE1997","Vietnam"
"Amy","Porter","aporterrk@ucla.edu","2002-03-05","2023-11-07","PAmy02","Malaysia"
"Maria","Singh","msinghrl@cam.ac.uk","1994-09-14","2023-08-28","SinghM1994","Indonesia"
"Emily","Garcia","egarciarn@theguardian.com","1995-10-07","2024-04-18","EmilyG95","Singapore"
"Anne","Flores","afloresro@comsenz.com","2006-07-29","2023-11-07","FloresA2006","Indonesia"
"Walter","Burns","wburnsrp@domainmarket.com","2009-01-09","2024-01-06","WalterB09","Singapore"
"Brian","Hunter","bhunter1r@alibaba.com","1997-04-05","2023-11-30","BrianH1997","Singapore"
"Emily","Flores","eflores1s@wikia.com","2012-11-28","2024-01-31","FEmily12","Singapore"
"Craig","Brooks","cbrooks1t@google.com.br","1997-08-10","2023-08-27","BCraig97","Singapore"
"Roy","Vasquez","rvasquez1u@amazon.co.jp","2003-09-12","2024-02-25","VRoy03","Singapore"
"Earl","Gardner","egardner1v@cnn.com","2007-01-17","2024-03-09","GEarl07","Thailand"
"Dorothy","Murphy","dmurphy1w@edublogs.org","1999-09-13","2023-07-09","MurphyD99","Malaysia"
"Shawn","Hayes","shayes1x@harvard.edu","1994-03-24","2024-02-25","ShawnH","Malaysia"
"Nicholas","Hall","nhall1y@phpbb.com","2000-12-09","2023-10-08","NicholasH","Malaysia"
"Raymond","Tan","rtan1z@nature.com","2005-11-13","2023-12-23","RaymondT2005","Thailand"
"Stephen","Boyd","sboyd20@alexa.com","2006-07-11","2023-08-10","BoydS","Indonesia"
"Douglas","Black","dblack21@cyberchimps.com","1993-05-30","2023-07-01","DBlack","Singapore"
"Johnny","Sri","jsri22@desdev.cn","2010-07-19","2023-10-04","SJohnny2010","Singapore"
"Nicholas","West","nwest23@wordpress.org","1994-06-14","2024-01-14","NicholasW1994","Indonesia"
"Frank","Freeman","ffreeman24@miibeian.gov.cn","1994-10-20","2023-12-21","FFrank","Singapore"
"Cynthia","Pierce","cpierce25@prlog.org","2002-12-12","2024-05-20","PCynthia02","Malaysia"
"Kathy","Price","kprice26@cisco.com","2011-08-17","2024-03-25","KathyP2011","Singapore"
"Ann","Fisher","afisher27@wiley.com","2005-05-16","2023-12-26","AnnF05","Malaysia"
"Gloria","Mason","gmason28@thetimes.co.uk","1996-12-16","2023-09-30","MasonG","Singapore"
"Joe","Bailey","jbailey29@posterous.com","1995-03-18","2023-08-11","JBailey1995","Singapore"
"Louise","Harrison","lharrison2a@360.cn","2008-05-06","2024-02-29","HLouise08","Vietnam"
"Amanda","Carroll","acarroll2b@comcast.net","1994-12-06","2023-07-28","AmandaC","Singapore"
"Jean","Goh","jgoh2c@time.com","1995-01-16","2023-07-14","GohJ1995","Malaysia"
"Thomas","Stephens","tstephens2d@reference.com","2000-10-07","2023-08-26","SThomas2000","Malaysia"
"Wayne","Rivera","wrivera2e@goodreads.com","2010-09-06","2024-06-12","WRivera10","Indonesia"
"Anna","King","aking2f@rediff.com","2002-09-25","2024-03-16","KAnna2002","Indonesia"
"Debra","Bishop","dbishop2g@ucoz.com","1997-01-07","2024-06-13","DBishop1997","Singapore"
"Patrick","Kanhez","pkanhez2h@google.com.au","1997-03-23","2023-12-02","KanhezP","Vietnam"
"Wayne","Morrison","wmorrison2i@washington.edu","2010-06-10","2023-10-21","WMorrison2010","Indonesia"
"Deborah","Murphy","dmurphy2j@webmd.com","2011-12-10","2024-01-30","MDeborah2011","Singapore"
"Raymond","Evans","revans2k@google.ca","2002-06-08","2023-11-05","ERaymond02","Malaysia"
"Paula","Armstrong","parmstrong2l@diigo.com","2010-11-24","2023-12-21","APaula2010","Thailand"
"Eugene","Phillips","ephillips2m@msn.com","1997-09-14","2023-08-22","PhillipsE1997","Indonesia"
"Gloria","Gonzalez","ggonzalez2n@imageshack.us","1994-07-17","2023-12-27","GGloria","Singapore"
"Daniel","Gordon","dgordon2o@cloudflare.com","2010-01-01","2024-04-17","GDaniel","Malaysia"
"Fred","Lynch","flynch2q@github.com","2010-06-29","2024-06-18","LFred10","Indonesia"
"Earl","Anderson","eanderson2s@prlog.org","1993-03-23","2024-04-16","AndersonE93","Indonesia"
"Eric","Porter","eporter2t@fda.gov","1998-05-08","2024-06-16","EricP1998","Indonesia"
"Albert","Scott","ascott2u@infoseek.co.jp","1997-12-10","2023-11-28","AlbertS","Malaysia"
"Lois","Green","lgreen2v@bing.com","2005-03-28","2024-04-19","GLois","Singapore"
"Tammy","Chavez","tchavez2w@usda.gov","2010-12-06","2023-07-27","TammyC2010","Malaysia"
"Kenneth","Soesianto","ksoesianto2x@freewebs.com","2002-05-30","2023-11-03","SKenneth","Singapore"
"Joe","Taylor","jtaylor2y@wsj.com","2004-05-22","2024-05-27","JoeT2004","Malaysia"
"Clarence","Banks","cbanks2z@who.int","1997-07-13","2024-03-29","ClarenceB97","Indonesia"
"Mark","Warren","mwarren30@hc360.com","2002-05-21","2023-07-17","WarrenM","Vietnam"
"Sharon","Brooks","sbrooks31@people.com.cn","1997-07-29","2024-03-29","SharonB97","Singapore"
"Kathryn","Castillo","kcastillo32@yandex.ru","1993-05-06","2024-04-22","CKathryn","Indonesia"
"Marie","Young","myoung33@goo.ne.jp","2008-11-10","2024-04-24","YoungM","Indonesia"
"Louise","Sullivan","lsullivan34@walmart.com","1996-10-25","2023-08-06","SullivanL","Singapore"
"Peter","Khoo","pkhoo35@time.com","1997-04-09","2024-04-19","KhooP","Malaysia"
"Steve","Rice","srice36@a8.net","2009-05-28","2023-07-25","SteveR","Singapore"
"Roy","Stone","rstone37@washingtonpost.com","2007-02-18","2024-06-23","RStone2007","Singapore"
"Jennifer","Carr","jcarr39@joomla.org","2007-07-12","2023-08-23","JenniferC","Vietnam"
"Thomas","Stevens","tstevens3a@europa.eu","1994-01-13","2023-07-20","SThomas94","Singapore"
"Carlos","Kanh","ckanh3b@t-online.de","2002-01-06","2023-09-24","KCarlos","Singapore"
"Denise","Alexander","dalexander3c@symantec.com","2011-08-18","2024-06-12","DeniseA","Singapore"
"Antonio","Harris","aharris3d@xrea.com","1994-05-05","2023-09-02","HarrisA","Malaysia"
"Sandra","Cruz","scruz3e@odnoklassniki.ru","2004-03-30","2024-01-14","SCruz04","Malaysia"
"Lillian","Bowman","lbowman3f@nymag.com","1998-03-16","2024-03-18","LillianB98","Singapore"
"Helen","Murphy","hmurphy3g@uiuc.edu","2005-07-28","2024-06-21","HelenM2005","Vietnam"
"Andrew","Powell","apowell3h@upenn.edu","2010-06-08","2024-03-04","AndrewP10","Singapore"
"Kathleen","Kanh","kkanh3i@phpbb.com","2007-10-21","2024-05-24","KKathleen2007","Singapore"
"Rose","Henry","rhenry3j@un.org","1997-01-23","2023-12-11","HRose","Indonesia"
"Robin","Day","rdayrm@yellowpages.com","2012-08-13","2024-03-09","RobinD","Vietnam"
"Harold","Crawford","hcrawford3r@multiply.com","2010-06-25","2024-04-25","HCrawford10","Indonesia"
"Dorothy","Collins","dcollins3s@free.fr","2006-07-10","2024-04-29","CollinsD2006","Singapore"
"Kelly","Ford","kford3t@istockphoto.com","2006-04-27","2023-12-15","KellyF06","Singapore"
"Anna","Wright","awright3v@ebay.com","2009-12-06","2024-05-04","WrightA09","Indonesia"
"Linda","George","lgeorge3w@vk.com","2009-12-30","2024-02-11","GLinda09","Singapore"
"Kathryn","Sullivan","ksullivan3x@noaa.gov","1996-07-01","2024-06-02","SKathryn1996","Singapore"
"Ralph","Banks","rbanks3y@craigslist.org","2011-01-09","2024-06-06","RBanks2011","Thailand"
"Dennis","Day","dday3z@jimdo.com","2002-01-22","2024-01-11","DayD2002","Singapore"
"Russell","Ramos","rramos40@aol.com","2010-09-04","2023-11-24","RRussell2010","Malaysia"
"Kathleen","Santoso","ksantoso41@forbes.com","2011-10-17","2023-08-12","SKathleen","Indonesia"
"Raymond","Howell","rhowell42@seattletimes.com","1995-07-15","2024-03-21","RaymondH","Indonesia"
"Stephen","Black","sblack43@army.mil","1999-03-18","2023-07-06","StephenB99","Indonesia"
"Gregory","Carter","gcarter44@mozilla.com","2006-06-19","2023-09-21","CGregory2006","Indonesia"
"Denise","Ling","dling46@ucla.edu","1994-12-15","2024-05-06","LingD","Malaysia"
"Sean","Jacobs","sjacobs47@facebook.com","1996-03-28","2024-02-25","SeanJ96","Indonesia"
"Victor","Ooi","vooi48@canalblog.com","1995-01-05","2024-05-13","OVictor1995","Vietnam"
"Judy","Graham","jgraham49@bloglovin.com","2011-09-14","2024-06-08","GrahamJ","Indonesia"
"Barbara","Tucker","btucker4a@plala.or.jp","2009-01-22","2024-05-30","BTucker2009","Singapore"
"Marilyn","Watson","mwatson4c@hud.gov","2011-03-09","2023-10-18","MarilynW2011","Singapore"
"Judith","Coleman","jcoleman4d@soup.io","2000-03-12","2024-01-08","CJudith00","Malaysia"
"William","Moreno","wmoreno4e@linkedin.com","1993-07-17","2023-12-07","WilliamM93","Singapore"
"Nancy","Morales","nmorales4f@people.com.cn","2008-06-19","2023-12-22","MNancy","Thailand"
"Earl","Morgan","emorgan4g@theglobeandmail.com","1998-09-17","2023-11-18","EarlM","Singapore"
"Michelle","Allen","mallen4h@list-manage.com","1995-06-19","2024-03-29","AllenM95","Indonesia"
"Victor","Ward","vward4i@1688.com","2011-10-28","2024-06-23","WardV11","Singapore"
"Beverly","Armstrong","barmstrong4k@ovh.net","2006-06-23","2023-09-06","ABeverly","Vietnam"
"Evelyn","Marshall","emarshall4l@alibaba.com","1994-01-25","2023-12-25","EvelynM1994","Indonesia"
"Carlos","Khoo","ckhoo4m@house.gov","2002-10-14","2024-02-28","KCarlos2002","Thailand"
"Ann","Stanley","astanley4n@amazon.de","1994-10-17","2023-12-05","SAnn94","Singapore"
"Beverly","Pierce","bpierce4o@unc.edu","2001-11-07","2023-11-05","BeverlyP","Indonesia"
"Fred","Bailey","fbailey4p@4shared.com","2011-12-28","2023-08-02","BFred11","Singapore"
"Fred","Lane","flane4q@reddit.com","1997-12-09","2024-05-06","LFred97","Singapore"
"Joan","Lewis","jlewis4r@nps.gov","1998-08-30","2024-06-04","LewisJ98","Singapore"
"Susan","Berry","sberry4s@bing.com","2011-02-25","2024-02-22","SBerry11","Indonesia"
"Brenda","Allen","ballen4t@apache.org","2002-03-15","2024-04-30","ABrenda2002","Singapore"
"Phillip","Moreno","pmoreno4u@yellowbook.com","1999-04-24","2024-02-29","PhillipM99","Vietnam"
"Jimmy","Fisher","jfisher4v@accuweather.com","1998-06-07","2024-02-06","JimmyF","Thailand"
"Eric","Perry","eperry4w@dot.gov","2007-12-23","2024-05-30","PEric","Indonesia"
"Amanda","Weaver","aweaver4x@phpbb.com","1996-11-27","2023-10-14","AmandaW","Thailand"
"Todd","Fox","tfox4y@samsung.com","1998-12-01","2024-04-13","FTodd","Indonesia"
"Rose","Chan","rchan4z@chicagotribune.com","2003-07-04","2024-03-21","ChanR03","Singapore"
"Joe","Singh","jsingh50@tuttocitta.it","2010-12-25","2023-11-16","JSingh2010","Malaysia"
"Jerry","Reid","jreid51@google.co.jp","1996-03-04","2023-07-12","ReidJ96","Indonesia"
"Jean","Nichols","jnichols52@dmoz.org","1996-08-21","2023-10-21","NJean","Thailand"
"Theresa","Mason","tmason53@miitbeian.gov.cn","2004-05-14","2023-08-17","MTheresa04","Indonesia"
"Diana","Lynch","dlynch54@independent.co.uk","2003-09-19","2023-10-22","DianaL","Indonesia"
"Jeffrey","Kuningan","jkuningan55@typepad.com","2004-01-22","2023-11-10","KJeffrey04","Indonesia"
"Douglas","Mitchell","dmitchell57@google.ca","2007-08-17","2023-11-17","MDouglas2007","Singapore"
"Debra","Carter","dcarter58@youtu.be","2005-07-08","2024-03-20","DebraC2005","Singapore"
"Jeremy","Sims","jsims59@issuu.com","2007-02-09","2024-01-16","SJeremy2007","Vietnam"
"Jessica","Dunn","jdunn5a@narod.ru","2003-11-26","2024-02-10","DunnJ03","Singapore"
"Joyce","Dixon","jdixon5b@yolasite.com","1999-05-11","2023-11-29","DixonJ","Singapore"
"Julia","Tan","jtan5c@whitehouse.gov","2001-06-30","2023-11-24","TanJ2001","Malaysia"
"Ruby","Howell","rhowell5d@t-online.de","1998-12-21","2024-05-18","RubyH98","Malaysia"
"Patrick","Leeon","pleeon5e@google.com.hk","2009-01-15","2024-06-20","LeeonP","Singapore"
"Teresa","Stephens","tstephens5f@home.pl","2000-05-01","2023-11-22","StephensT00","Singapore"
"Billy","Gray","bgray5g@vimeo.com","1998-03-30","2024-03-21","GrayB1998","Indonesia"
"Kimberly","Gilbert","kgilbert5h@mtv.com","2011-01-28","2023-11-10","GKimberly","Malaysia"
"Jerry","White","jwhite5i@infoseek.co.jp","1998-10-30","2024-01-30","JWhite","Singapore"
"Michael","Jones","mjones5l@cbsnews.com","2009-09-06","2024-06-16","MJones09","Indonesia"
"Gerald","Lewis","glewis5m@alibaba.com","2004-01-07","2023-12-07","LGerald04","Malaysia"
"Walter","Patterson","wpatterson5n@wired.com","1994-09-16","2024-02-06","PWalter94","Singapore"
"Judith","Tucker","jtucker5p@jiathis.com","1995-04-05","2024-01-29","TJudith95","Indonesia"
"Todd","Gonzalez","tgonzalez5q@creativecommons.org","2006-09-30","2023-11-11","GonzalezT06","Singapore"
"Rebecca","Kelly","rkelly5r@oaic.gov.au","2002-02-12","2023-09-02","RebeccaK2002","Singapore"
"Clarence","Torres","ctorres5s@washington.edu","2010-09-05","2023-12-08","ClarenceT2010","Singapore"
"Jessica","Hawkins","jhawkins5t@latimes.com","1995-08-16","2023-08-19","JessicaH95","Vietnam"
"Judith","Collins","jcollins5v@ocn.ne.jp","2007-10-21","2024-03-04","CollinsJ07","Singapore"
"Sandra","Perkins","sperkins5w@slideshare.net","2006-04-03","2024-05-16","SandraP","Indonesia"
"Robin","Hawkins","rhawkins5o@businesswire.com","2012-02-16","2023-09-07","HRobin2012","Singapore"
"Roger","Banks","rbanks5z@unesco.org","2001-04-24","2024-05-04","BRoger","Vietnam"
"Tina","Reynolds","treynolds60@squidoo.com","2009-01-24","2023-08-12","RTina","Singapore"
"Andrew","Sanchez","asanchez61@google.com","2000-09-04","2023-10-23","SanchezA","Singapore"
"Patricia","Nelson","pnelson62@vimeo.com","2009-07-20","2023-11-06","NelsonP2009","Singapore"
"Sharon","Perkins","sperkins63@multiply.com","2009-12-26","2024-02-11","PSharon09","Indonesia"
"Joshua","Wood","jwood64@drupal.org","2011-11-14","2024-02-18","WoodJ2011","Singapore"
"Lawrence","Gonzales","lgonzales65@japanpost.jp","1997-03-26","2024-04-27","GonzalesL1997","Indonesia"
"Carl","Tan","ctan66@usa.gov","1997-04-10","2024-04-20","CarlT","Vietnam"
"Clarence","Leeon","cleeon67@godaddy.com","2006-10-30","2023-09-01","LClarence","Singapore"
"Foo","Spencer","rspencer68@discovery.com","1998-01-05","2023-08-25","SFoo98","Indonesia"
"William","Reynolds","wreynolds6a@sciencedaily.com","2006-02-12","2024-01-28","ReynoldsW2006","Malaysia"
"Wanda","Patterson","wpatterson6b@usnews.com","2004-01-24","2024-03-11","PWanda04","Indonesia"
"Brenda","Bowman","bbowman6c@fotki.com","2002-10-03","2023-08-19","BBrenda","Singapore"
"Jonathan","Murphy","jmurphy6d@sfgate.com","2007-11-30","2023-09-13","JonathanM2007","Vietnam"
"Nicole","Ramos","nramos6e@mayoclinic.com","2003-02-21","2024-06-24","NicoleR2003","Indonesia"
"Barbara","Tucker","btucker6f@twitter.com","1995-04-22","2023-09-13","TuckerB1995","Thailand"
"Raymond","George","rgeorge6g@example.com","2010-12-15","2023-12-21","GRaymond2010","Thailand"
"Anne","Morgan","amorgan6h@shop-pro.jp","2011-05-05","2024-03-12","MAnne11","Indonesia"
"Carlos","Tranh","ctranh6i@thetimes.co.uk","2005-01-31","2024-01-01","TCarlos","Malaysia"
"Donna","Phillips","dphillips6j@time.com","2010-01-25","2024-05-21","PDonna10","Indonesia"
"Elizabeth","Mason","emason6k@skype.com","2008-06-19","2024-04-20","MElizabeth2008","Indonesia"
"Fred","Bowman","fbowman6l@webeden.co.uk","2001-10-30","2024-06-17","FBowman2001","Vietnam"
"Rachel","Cole","rcole6m@baidu.com","2011-01-04","2023-08-22","CRachel2011","Malaysia"
"Amanda","Morrison","amorrison6n@biblegateway.com","2007-12-22","2024-05-04","AmandaM","Malaysia"
"Shirley","Welch","swelch6o@php.net","2008-05-22","2024-02-07","ShirleyW08","Malaysia"
"Rebecca","Perez","rperez6p@devhub.com","1998-05-23","2023-09-20","PerezR1998","Thailand"
"Frances","Day","fday6q@huffingtonpost.com","2005-01-09","2024-03-11","DayF2005","Malaysia"
"Michelle","Carter","mcarter6r@techcrunch.com","2003-08-06","2023-12-05","CarterM","Singapore"
"Steve","Gray","sgray6s@japanpost.jp","2011-06-05","2023-11-30","GSteve11","Indonesia"
"Ernest","Collins","ecollins6t@admin.ch","1997-09-03","2023-12-27","ErnestC1997","Singapore"
"Ruby","Meyer","rmeyer6u@youku.com","2010-03-27","2024-01-24","RubyM10","Singapore"
"Johnny","Warren","jwarren6v@delicious.com","2010-04-15","2023-11-09","WJohnny2010","Indonesia"
"Kenneth","Peters","kpeters6w@hugedomains.com","2006-02-20","2023-07-30","PKenneth06","Singapore"
"Kelly","Walker","kwalker6x@ucla.edu","1993-12-13","2024-06-11","WalkerK","Thailand"
"Albert","Torres","atorres6z@squarespace.com","2002-10-23","2024-04-03","TorresA2002","Singapore"
"Dennis","Woods","dwoods71@mozilla.org","2002-12-04","2023-10-25","WoodsD02","Singapore"
"Daniel","Larson","dlarson72@4shared.com","2006-03-27","2024-05-25","LDaniel06","Indonesia"
"Julie","Mills","jmills73@nature.com","2006-08-27","2024-04-05","MJulie","Singapore"
"Steven","Welch","swelch74@businessweek.com","1999-02-12","2024-06-19","SWelch","Malaysia"
"Jerry","Richards","jrichards75@cnn.com","2009-08-16","2024-04-17","RJerry2009","Indonesia"
"Karen","Graham","kgraham76@phpbb.com","1993-07-25","2024-06-26","GKaren","Singapore"
"Marie","Hunter","mhunter77@home.pl","2008-02-16","2024-04-10","HMarie","Indonesia"
"Patrick","Burns","pburns78@berkeley.edu","1993-08-08","2024-06-13","BPatrick1993","Singapore"
"Alice","Wright","awright79@de.vu","2001-07-27","2023-12-15","WAlice01","Singapore"
"Jean","Roberts","jroberts7a@adobe.com","2008-08-02","2023-09-12","RobertsJ08","Indonesia"
"Phillip","Palmer","ppalmer7c@altervista.org","2010-03-13","2024-05-01","PPalmer2010","Malaysia"
"Douglas","Bell","dbell7d@oracle.com","1994-07-21","2023-09-01","DouglasB1994","Singapore"
"Jacqueline","Weaver","jweaver7e@ask.com","2001-08-08","2024-03-23","JWeaver","Singapore"
"Katherine","Kuningan","kkuningan7f@redcross.org","1994-04-29","2023-07-09","KKatherine","Singapore"
"Sandra","Hunt","shunt7g@printfriendly.com","1999-01-22","2024-06-12","HuntS99","Singapore"
"Diana","Harvey","dharvey7h@dailymail.co.uk","2005-10-03","2023-10-11","HDiana05","Thailand"
"Shawn","Hawkins","shawkins7i@posterous.com","2006-06-24","2024-05-27","HawkinsS2006","Thailand"
"Jeremy","Bell","jbell7j@ycombinator.com","2011-10-12","2024-03-11","BJeremy11","Singapore"
"Amanda","Hunt","ahunt7k@unblog.fr","2003-05-02","2023-12-06","HAmanda","Indonesia"
"Mark","Lynch","mlynch7l@wp.com","1993-03-26","2024-02-03","LMark93","Indonesia"
"Ralph","Porter","rporter7m@hibu.com","1994-01-08","2024-06-14","RalphP1994","Vietnam"
"Stephen","Webb","swebb7n@constantcontact.com","1995-12-16","2023-10-22","WStephen","Vietnam"
"Jacqueline","Murray","jmurray7o@nasa.gov","1997-06-05","2024-03-15","MJacqueline","Singapore"
"Katherine","Scott","kscott7p@lycos.com","2000-01-13","2024-06-07","SKatherine2000","Singapore"
"Sean","White","swhite7q@skyrock.com","1999-09-11","2023-12-12","WhiteS99","Malaysia"
"Henry","Gray","hgray7r@usgs.gov","1995-05-31","2023-11-04","GHenry95","Thailand"
"Theresa","Singh","tsingh7s@kickstarter.com","2010-08-14","2024-03-18","TSingh10","Singapore"
"Martha","Anderson","manderson7t@youtu.be","2002-04-11","2024-02-26","MarthaA","Malaysia"
"Tina","Carroll","tcarroll7u@usa.gov","1998-12-07","2023-07-09","TinaC98","Singapore"
"Betty","Lee","blee7v@paypal.com","2011-11-07","2024-03-20","LeeB11","Singapore"
"Ruby","Tranh","rtranh7w@merriam-webster.com","2000-10-20","2024-04-09","RubyT2000","Indonesia"
"Tina","Bennett","tbennett7x@altervista.org","2010-10-20","2024-03-10","TinaB2010","Singapore"
"Angela","Perry","aperry7z@netlog.com","1997-11-21","2024-01-04","PAngela1997","Singapore"
"Joseph","Richards","jrichards80@nymag.com","1995-09-22","2024-04-01","RJoseph95","Vietnam"
"Terry","Scott","tscott81@google.it","2003-08-12","2024-04-30","STerry03","Singapore"
"Jack","Fernandez","jfernandez82@sciencedirect.com","2001-02-04","2023-09-07","FJack01","Singapore"
"Arthur","Wells","awells83@fda.gov","2000-08-05","2024-06-26","WellsA00","Vietnam"
"Rose","Payne","rpayne84@a8.net","1998-03-03","2023-09-03","RPayne","Indonesia"
"Denise","Tranh","dtranh85@shop-pro.jp","2006-08-25","2024-01-15","TDenise2006","Singapore"
"Anna","Mills","amills86@dailymotion.com","1998-01-25","2023-08-18","AnnaM","Singapore"
"Janice","Tucker","jtucker87@jalbum.net","1995-01-14","2024-03-29","TuckerJ1995","Malaysia"
"Barbara","Brooks","bbrooks88@pagesperso-orange.fr","1997-12-15","2024-02-17","BBarbara","Indonesia"
"Rebecca","Reyes","rreyes89@odnoklassniki.ru","2002-11-14","2023-07-15","RReyes2002","Singapore"
"Paul","Vasquez","pvasquez69@phpbb.com","2012-08-01","2023-07-28","VasquezP12","Singapore"
"Henry","Tan","htan8e@cbslocal.com","2002-04-14","2023-09-27","TanH2002","Indonesia"
"Albert","Ferguson","aferguson8f@miibeian.gov.cn","2012-02-17","2023-09-19","AlbertF12","Thailand"
"Ashley","Roberts","aroberts8g@wisc.edu","2010-08-31","2024-05-27","RobertsA","Malaysia"
"Stephen","Hawkins","shawkins8h@who.int","2004-04-18","2023-07-13","StephenH04","Singapore"
"Heather","Carr","hcarr8i@ustream.tv","2004-11-02","2024-06-22","CHeather2004","Singapore"
"Michelle","Carter","mcarter8j@about.com","1999-10-11","2024-01-08","CMichelle1999","Singapore"
"Lawrence","Fernandez","lfernandez8k@deliciousdays.com","1998-11-12","2023-08-28","FLawrence","Singapore"
"Debra","Leong","dleong8l@state.tx.us","1993-07-14","2024-04-10","LDebra93","Indonesia"
"Lori","Welch","lwelch8m@google.it","2000-09-15","2024-06-22","WelchL00","Thailand"
"Heather","Watkins","hwatkins8n@cpanel.net","2007-05-17","2024-06-10","HWatkins07","Singapore"
"Jonathan","Dean","jdean8o@cdbaby.com","2012-05-22","2024-04-02","DJonathan12","Indonesia"
"Joshua","Taylor","jtaylor8p@techcrunch.com","2004-08-17","2023-10-15","TJoshua2004","Malaysia"
"Stephanie","Kim","skim8q@thetimes.co.uk","1997-02-06","2024-04-21","StephanieK1997","Singapore"
"Jennifer","Howell","jhowell8r@hp.com","2001-03-19","2024-05-17","JenniferH","Thailand"
"Timothy","Walker","twalker8t@eepurl.com","2001-10-16","2024-04-05","WTimothy01","Singapore"
"Cynthia","Lawrence","clawrence8u@jalbum.net","2011-12-22","2024-04-02","LCynthia","Indonesia"
"Andrew","Allen","aallen8v@sohu.com","2001-07-21","2024-05-18","AllenA01","Singapore"
"Tina","Mills","tmills8w@godaddy.com","2002-04-27","2024-03-17","TinaM02","Singapore"
"Christopher","Andrews","candrews8x@uiuc.edu","1999-03-14","2024-01-12","AndrewsC","Thailand"
"Terry","Garcia","tgarcia8y@upenn.edu","1999-04-22","2023-07-22","TerryG99","Thailand"
"Howard","Lawson","hlawson8z@ft.com","1993-06-03","2024-05-02","LawsonH93","Malaysia"
"Betty","Thomas","bthomas90@bbb.org","1997-11-17","2023-12-19","BettyT","Indonesia"
"Evelyn","Marshall","emarshall91@rakuten.co.jp","2002-02-04","2023-09-05","MEvelyn2002","Indonesia"
"Michelle","Snyder","msnyder92@nih.gov","2007-03-05","2023-10-26","SMichelle2007","Malaysia"
"Diane","Scott","dscott94@google.pl","1997-07-07","2024-06-15","DianeS97","Singapore"
"Amy","Hernandez","ahernandez95@telegraph.co.uk","2004-09-26","2024-03-24","HAmy2004","Singapore"
"Kimberly","Thomas","kthomas96@t-online.de","2009-01-28","2023-07-11","KThomas2009","Malaysia"
"Bobby","Burns","bburns97@tiny.cc","2003-06-10","2024-03-14","BBobby03","Malaysia"
"Maria","Chan","mchan98@rediff.com","2005-07-07","2024-05-19","MariaC2005","Singapore"
"Carl","Mccoy","cmccoy99@sina.com.cn","1994-12-04","2024-05-30","MccoyC","Vietnam"
"Rebecca","Hicks","rhicks9a@mashable.com","2002-06-09","2024-02-09","HRebecca02","Singapore"
"Catherine","Evans","cevans9b@weibo.com","2011-10-15","2024-04-01","ECatherine","Malaysia"
"Teresa","Perry","tperry9c@businessinsider.com","2009-04-14","2024-04-25","PerryT09","Vietnam"
"Ann","Diaz","adiaz9d@cisco.com","2006-05-03","2023-07-24","DiazA","Vietnam"
"Eugene","Rivera","erivera9e@dedecms.com","1999-08-08","2024-01-30","REugene99","Singapore"
"Gloria","Gonzalez","ggonzalez9g@engadget.com","2001-03-23","2023-12-01","GloriaG2001","Malaysia"
"Kenneth","Alexander","kalexander9h@cbc.ca","2009-09-02","2024-05-16","AlexanderK","Singapore"
"Sarah","Welch","swelch9i@guardian.co.uk","1997-09-01","2024-01-09","WSarah","Indonesia"
"James","Gardner","jgardner9j@addtoany.com","2000-12-19","2024-02-17","JamesG2000","Malaysia"
"James","Henry","jhenry9k@youku.com","2005-02-07","2024-05-23","HJames","Malaysia"
"Annie","Fox","afox9l@wufoo.com","2009-03-09","2024-05-22","FAnnie09","Indonesia"
"William","Cruz","wcruz9m@ted.com","2012-01-08","2023-10-09","WCruz","Singapore"
"Jason","Armstrong","jarmstrong9n@springer.com","2008-07-10","2024-02-15","ArmstrongJ","Singapore"
"Sarah","Larson","slarson9o@cmu.edu","1996-09-11","2024-04-15","SLarson96","Malaysia"
"Jane","Carter","jcarter9p@cargocollective.com","1999-02-25","2024-04-12","JaneC99","Malaysia"
"Jack","Butler","jbutler9q@redcross.org","1994-01-02","2023-10-03","BJack","Singapore"
"Kanh","Matthews","mmatthews9s@cpanel.net","1994-10-18","2024-03-19","MatthewsK94","Singapore"
"Evelyn","Palmer","epalmer9t@jigsy.com","1994-11-05","2024-02-29","EvelynP94","Vietnam"
"Jimmy","Rodriguez","jrodriguez9u@apple.com","2008-02-16","2024-02-11","JimmyR08","Singapore"
"Lois","Hanson","lhanson9v@slate.com","2008-03-08","2024-02-28","HansonL08","Indonesia"
"Donna","Oliver","doliver9w@rakuten.co.jp","2008-08-22","2024-03-03","DOliver","Vietnam"
"Robert","Moore","rmoore9x@sourceforge.net","2005-11-09","2023-06-30","MooreR2005","Indonesia"
"Albert","Leong","aleong9y@addtoany.com","2010-05-06","2023-08-16","LAlbert10","Indonesia"
"Rebecca","Nichols","rnichols9z@parallels.com","1993-10-17","2024-06-20","RebeccaN93","Singapore"
"George","Chavez","gchaveza0@wufoo.com","2003-05-10","2024-03-02","ChavezG03","Singapore"
"Gloria","Kennedy","gkennedya1@patch.com","2002-06-17","2023-10-09","KennedyG02","Vietnam"
"Evelyn","Thomas","ethomasa2@ow.ly","1993-09-01","2024-03-14","TEvelyn93","Vietnam"
"Adam","Stone","astonea3@businesswire.com","2002-06-10","2023-12-26","AStone2002","Singapore"
"Rachel","Sri","rsria4@telegraph.co.uk","2008-01-16","2024-05-21","RSri08","Singapore"
"Phillip","Watkins","pwatkinsa5@gravatar.com","2007-04-10","2023-10-11","WatkinsP2007","Singapore"
"Frances","Han","fhana6@myspace.com","1999-03-01","2023-12-21","HanF1999","Indonesia"
"Lawrence","Hernandez","lhernandeza7@yahoo.co.jp","1997-10-20","2023-08-19","HernandezL1997","Singapore"
"Betty","Morgan","bmorgana8@unicef.org","2004-02-25","2023-09-13","MorganB2004","Vietnam"
"Larry","Mccoy","lmccoya9@hugedomains.com","2004-06-01","2023-09-16","MLarry","Malaysia"
"Teresa","Kanh","tkanhaa@pen.io","1994-08-14","2024-04-30","KTeresa94","Thailand"
"Lisa","Perkins","lperkinsab@virginia.edu","2001-01-04","2024-05-25","PLisa01","Malaysia"
"Doris","Porter","dporterac@flavors.me","2002-02-06","2024-05-06","PDoris02","Malaysia"
"Foo","Fox","rfoxad@buzzfeed.com","1996-04-09","2023-12-16","FooF","Singapore"
"Nancy","Woods","nwoodsaf@scribd.com","2010-02-09","2024-04-21","WoodsN10","Singapore"
"Carl","Hart","chartag@princeton.edu","2009-04-07","2023-08-02","HCarl2009","Malaysia"
"Mary","Long","mlongah@rakuten.co.jp","1993-09-30","2023-08-05","LongM93","Singapore"
"Jason","Alvarez","jalvarezai@adobe.com","1994-09-03","2023-11-08","AJason94","Singapore"
"Kanh","Ooi","mooiaj@vk.com","2007-11-25","2024-02-04","OoiK07","Vietnam"
"Eugene","Chavez","echavezak@geocities.jp","2000-07-25","2023-07-23","ChavezE","Malaysia"
"Louise","Garrett","lgarrettal@clickbank.net","1997-01-28","2024-04-03","LouiseG97","Indonesia"
"Eugene","Robinson","erobinsonam@yale.edu","2004-08-25","2024-01-03","RobinsonE2004","Singapore"
"Brian","Leong","bleongao@si.edu","1996-07-27","2023-12-26","BLeong1996","Singapore"
"Roger","Foo","rfooap@bloglovin.com","2004-09-21","2023-08-11","RogerF04","Indonesia"
"Walter","Sims","wsimsaq@jiathis.com","2009-10-28","2024-02-08","SimsW2009","Indonesia"
"Beverly","Lynch","blynchar@amazonaws.com","2004-02-24","2024-02-15","BLynch","Singapore"
"Peter","Henry","phenryas@cdbaby.com","1997-10-11","2023-09-24","HPeter97","Singapore"
"Bobby","Stanley","bstanleyat@themeforest.net","2008-06-14","2024-04-18","SBobby08","Singapore"
"Jack","Watson","jwatsonau@smugmug.com","2000-03-23","2024-03-18","JWatson00","Malaysia"
"Walter","Hayes","whayesav@biglobe.ne.jp","2011-07-24","2023-06-30","WHayes11","Thailand"
"Margaret","Bailey","mbaileyaw@e-recht24.de","1999-09-20","2024-06-10","MargaretB99","Indonesia"
"Keith","Weaver","kweaverax@edublogs.org","2011-12-23","2023-12-09","WeaverK11","Thailand"
"Angela","Bennett","abennettay@feedburner.com","2006-10-08","2024-01-28","AngelaB06","Singapore"
"Jack","Leeon","jleeonaz@umn.edu","1998-05-22","2024-04-17","LJack1998","Singapore"
"Johnny","Stevens","jstevensb0@un.org","2009-06-04","2024-01-09","SJohnny2009","Indonesia"
"Samuel","Campbell","scampbellb1@google.fr","2003-08-20","2023-07-15","SamuelC","Singapore"
"Wayne","Ortiz","wortizb2@ezinearticles.com","1996-03-03","2023-10-29","WOrtiz96","Indonesia"
"Dorothy","Elliott","delliottb3@adobe.com","2011-12-01","2023-11-24","EDorothy2011","Malaysia"
"Alice","Diaz","adiazb4@skype.com","1997-05-23","2024-04-06","DAlice","Singapore"
"Nicole","Murray","nmurrayb5@forbes.com","1997-04-07","2024-05-03","MNicole","Singapore"
"Roy","Khoo","rkhoob6@ycombinator.com","2002-05-10","2024-06-28","KhooR","Thailand"
"Roger","Meyer","rmeyerb7@over-blog.com","2001-01-22","2023-11-05","MRoger2001","Indonesia"
"Albert","Perkins","aperkinsb8@apple.com","1997-10-14","2024-03-02","AlbertP1997","Indonesia"
"James","Black","jblackb9@live.com","1994-11-19","2023-08-21","JamesB94","Thailand"
"Dennis","Carr","dcarrba@desdev.cn","2001-04-14","2023-11-09","DennisC01","Malaysia"
"Rachel","Moore","rmoorebb@cpanel.net","2003-07-12","2024-03-28","MRachel03","Indonesia"
"Michael","Mitchell","mmitchellbc@ihg.com","2003-02-26","2024-01-29","MichaelM03","Singapore"
"Jimmy","Armstrong","jarmstrongbd@auda.org.au","1995-06-04","2023-07-18","JimmyA95","Vietnam"
"Frank","Graham","fgrahambe@naver.com","2000-07-28","2023-07-16","GrahamF2000","Malaysia"
"Frank","Ramirez","framirezbf@vistaprint.com","2007-11-23","2024-03-14","RFrank2007","Indonesia"
"Steven","Young","syoungbg@hexun.com","2008-01-23","2024-01-04","YoungS","Singapore"
"Amanda","Roberts","arobertsbh@yolasite.com","1994-05-28","2024-05-09","RAmanda1994","Indonesia"
"Anna","Day","adaybi@google.co.uk","1996-04-10","2023-09-24","ADay96","Indonesia"
"Angela","Allen","aallenbj@jiathis.com","2001-12-22","2024-01-08","AAngela01","Singapore"
"Ashley","Ramirez","aramirezbk@devhub.com","2009-07-24","2024-04-22","RAshley","Thailand"
"Arthur","Murphy","amurphybl@pinterest.com","2007-10-29","2023-10-24","ArthurM07","Singapore"
"Jean","Wells","jwellsbm@sciencedaily.com","1994-05-30","2024-04-03","WJean1994","Indonesia"
"Clarence","Garrett","cgarrettbn@nasa.gov","2007-02-11","2024-03-16","GClarence2007","Singapore"
"Alan","Porter","aporterbo@skype.com","2009-08-14","2024-03-02","APorter","Singapore"
"Gregory","Moore","gmoorebp@answers.com","2003-04-24","2023-07-18","GregoryM","Singapore"
"Martha","Matthews","mmatthewsbq@fema.gov","2004-07-15","2023-10-18","MatthewsM04","Vietnam"
"Victor","Stephens","vstephensbr@earthlink.net","1993-04-10","2024-01-01","StephensV93","Malaysia"
"Catherine","Cole","ccolebs@comsenz.com","2006-06-25","2024-01-11","CCatherine","Singapore"
"Robin","Black","rblackbt@ovh.net","1996-08-29","2023-07-13","BRobin","Singapore"
"Nicole","Dean","ndeanbu@cbsnews.com","2001-11-21","2024-04-05","NicoleD","Singapore"
"Jeffrey","Bailey","jbaileybv@facebook.com","2006-08-25","2024-05-24","BaileyJ2006","Malaysia"
"Philip","Oliver","poliverbw@mapquest.com","1993-07-12","2023-09-14","POliver1993","Malaysia"
"Howard","Gutierrez","hgutierrezbx@marriott.com","2010-02-05","2024-01-14","GutierrezH","Thailand"
"Paula","Thomas","pthomasby@wisc.edu","1996-06-09","2024-03-02","TPaula","Indonesia"
"Joseph","Wijaya","jwijayabz@amazon.co.uk","2006-01-29","2023-10-01","JWijaya","Singapore"
"Catherine","Adams","cadamsc0@java.com","2005-02-18","2023-09-26","ACatherine05","Malaysia"
"Terry","Hakim","thakimc1@wikia.com","1994-06-08","2024-02-19","HakimT1994","Singapore"
"Alice","Porter","aporterc2@reddit.com","2009-09-22","2023-09-13","PAlice09","Singapore"
"Carlos","Palmer","cpalmerc3@ebay.co.uk","1996-02-01","2024-03-14","PCarlos96","Singapore"
"Margaret","Watkins","mwatkinsc4@bigcartel.com","2000-06-01","2024-03-30","WatkinsM","Singapore"
"Janice","Adams","jadamsc5@bluehost.com","2000-10-31","2024-01-03","AdamsJ00","Indonesia"
"Antonio","Cruz","acruzc6@japanpost.jp","2010-12-20","2023-12-24","CruzA","Indonesia"
"Lisa","Brooks","lbrooksc7@elpais.com","1994-09-18","2023-12-02","LisaB1994","Malaysia"
"Denise","Dean","ddeanc9@epa.gov","1993-11-12","2024-01-13","DDenise1993","Singapore"
"Tammy","Robinson","trobinsonca@g.co","1993-08-12","2024-03-16","RobinsonT1993","Singapore"
"Ashley","Wood","awoodcb@virginia.edu","2008-10-31","2024-03-04","WoodA08","Indonesia"
"Douglas","Green","dgreencc@linkedin.com","2006-04-05","2023-08-27","DGreen06","Thailand"
"Roy","Evans","revanscd@springer.com","2008-11-03","2023-10-15","RoyE08","Thailand"
"Alice","Hill","ahillce@ucla.edu","2007-05-20","2024-03-27","HillA","Indonesia"
"Jennifer","Carr","jcarrcf@t.co","2010-11-17","2024-04-11","JenniferC10","Singapore"
"Jack","Freeman","jfreemancg@cdbaby.com","2006-01-19","2024-05-25","JFreeman06","Singapore"
"Amy","Evans","aevansch@yellowpages.com","2004-09-25","2024-05-12","EvansA2004","Singapore"
"Lori","Hill","lhillci@amazon.de","2012-10-05","2024-04-13","LoriH2012","Malaysia"
"Larry","Hakim","lhakimcj@diigo.com","1995-04-07","2023-07-03","HLarry95","Singapore"
"Jeffrey","Hayes","jhayesck@angelfire.com","2001-07-19","2023-12-09","JeffreyH2001","Singapore"
"Dorothy","Han","dhancl@prnewswire.com","1996-05-22","2024-04-07","HDorothy","Singapore"
"Jessica","Gomez","jgomezcm@vinaora.com","1998-08-14","2023-10-23","GJessica","Indonesia"
"Denise","Fuller","dfullercn@paypal.com","2010-12-04","2023-11-23","FullerD","Vietnam"
"Ruth","Roberts","rrobertsco@artisteer.com","2005-07-18","2023-12-06","RuthR2005","Indonesia"
"Frank","Riley","frileycp@tiny.cc","1996-04-27","2023-09-19","RileyF1996","Singapore"
"Christopher","Fuller","cfullercq@google.pl","2007-06-23","2024-02-15","FChristopher","Singapore"
"Marie","Day","mdaycr@noaa.gov","2002-01-22","2023-12-04","DMarie02","Indonesia"
"Craig","Stevens","cstevenscs@hud.gov","2002-02-27","2024-03-17","CStevens2002","Singapore"
"Roger","Alvarez","ralvarezct@buzzfeed.com","2002-09-06","2024-02-27","RAlvarez2002","Singapore"
"Matthew","Webb","mwebbcu@simplemachines.org","1993-08-16","2023-12-15","WMatthew93","Indonesia"
"Roy","Brown","rbrowncv@blinklist.com","2008-09-27","2023-07-21","BrownR2008","Singapore"
"Susan","Hall","shallcw@amazon.de","1994-07-01","2023-08-08","SusanH94","Vietnam"
"William","King","wkingcx@indiatimes.com","2010-08-06","2023-07-22","KingW10","Vietnam"
"Rebecca","Garza","rgarzacy@wordpress.com","1997-02-23","2024-06-28","GarzaR","Malaysia"
"Ashley","Taylor","ataylorcz@ft.com","2003-12-27","2024-01-13","AshleyT2003","Vietnam"
"Christina","Jenkins","cjenkinsd6@thetimes.co.uk","2010-05-26","2023-09-28","JenkinsC10","Vietnam"
"Thomas","Hansen","thansend7@house.gov","2011-10-18","2023-12-11","HansenT2011","Indonesia"
"Walter","Alvarez","walvarezd8@ca.gov","2007-07-30","2024-03-05","AWalter","Singapore"
"Ruby","Thomas","rthomasd9@samsung.com","2010-06-16","2024-04-28","RThomas","Singapore"
"Stephen","Bell","sbellda@examiner.com","2000-10-12","2023-11-06","BStephen00","Singapore"
"Bruce","Stevens","bstevensdb@narod.ru","1999-07-11","2024-01-15","SBruce99","Malaysia"
"Lillian","Hawkins","lhawkinsdd@chron.com","1993-12-28","2023-09-28","HawkinsL","Vietnam"
"Richard","Gray","rgrayde@mapquest.com","2006-09-03","2023-11-30","RichardG","Vietnam"
"Anna","Carpenter","acarpenterdf@facebook.com","1996-12-24","2024-01-22","CarpenterA96","Singapore"
"Theresa","Knight","tknightdg@quantcast.com","2011-08-17","2024-05-16","KnightT","Singapore"
"David","Burton","dburtondh@a8.net","1997-09-25","2023-09-11","BurtonD97","Malaysia"
"Jeremy","Turner","jturnerdi@squidoo.com","1997-02-13","2024-02-13","JeremyT97","Vietnam"
"Linda","Washington","lwashingtondj@mtv.com","2005-01-04","2024-02-10","WLinda05","Thailand"
"Jeremy","Tan","jtandk@opensource.org","1993-05-29","2024-06-11","TJeremy93","Vietnam"
"Fred","Fields","ffieldsdl@ask.com","1997-03-15","2024-05-29","FFred97","Vietnam"
"Jean","Tan","jtandm@economist.com","2007-04-24","2023-11-03","TJean2007","Singapore"
"John","Berry","jberrydn@example.com","2009-06-07","2023-09-24","BJohn","Singapore"
"Marie","Andrews","mandrewsdo@discovery.com","2006-09-03","2024-02-19","AMarie06","Malaysia"
"Jane","Tung","jtungdp@dagondesign.com","1997-05-03","2023-09-05","TungJ","Indonesia"
"Laura","Han","lhandq@spiegel.de","2004-05-22","2024-04-20","HLaura","Indonesia"
"Kathy","Payne","kpaynedr@imageshack.us","1994-10-11","2024-03-16","PayneK1994","Malaysia"
"Randy","Allen","rallends@w3.org","1997-01-31","2024-02-02","RAllen1997","Vietnam"
"Melissa","Mao","mmaodt@qq.com","2003-08-25","2023-07-14","MMelissa","Indonesia"
"Thomas","Jackson","tjacksondu@samsung.com","2011-08-02","2023-07-12","JacksonT11","Indonesia"
"Jimmy","Taylor","jtaylordv@sbwire.com","1997-02-20","2024-01-04","TaylorJ97","Thailand"
"Jonathan","Hanson","jhansondw@gizmodo.com","1993-09-29","2024-06-02","HJonathan93","Singapore"
"Diana","Gonzales","dgonzalesdx@shareasale.com","1993-06-30","2024-02-20","DGonzales93","Singapore"
"Harry","Cruz","hcruzdy@arstechnica.com","1999-03-28","2023-07-14","CruzH1999","Indonesia"
"Ruby","Howell","rhowelldz@reuters.com","1998-02-13","2024-03-12","HRuby1998","Singapore"
"Benjamin","Hart","bharte0@blog.com","2001-12-29","2024-01-22","HBenjamin01","Singapore"
"Kanh","Lynch","mlynche1@whitehouse.gov","2002-01-05","2024-06-22","LKanh02","Singapore"
"Jimmy","Garrett","jgarrette2@jugem.jp","2001-03-20","2023-10-08","GJimmy","Indonesia"
"Lisa","Hayes","lhayese3@macromedia.com","1998-08-28","2023-11-19","HLisa1998","Indonesia"
"Kathleen","Gordon","kgordone4@deviantart.com","1993-11-11","2024-02-27","KGordon1993","Indonesia"
"Joyce","Owens","jowense5@acquirethisname.com","2003-02-28","2024-06-15","OwensJ2003","Singapore"
"Alan","Mendoza","amendozae6@domainmarket.com","2010-03-09","2023-06-29","MAlan10","Vietnam"
"Earl","Johnson","ejohnsone7@reverbnation.com","1997-09-14","2024-02-06","EJohnson97","Thailand"
"Amanda","Reyes","areyese9@cnbc.com","1995-01-20","2024-01-10","AmandaR95","Malaysia"
"Kathy","Burton","kburtonea@utexas.edu","2010-08-21","2024-01-09","KathyB10","Indonesia"
"Shirley","Jenkins","sjenkinseb@amazon.de","2003-02-09","2024-02-07","JShirley2003","Vietnam"
"Patrick","Walker","pwalkerec@mozilla.com","2004-03-24","2024-02-05","PWalker04","Singapore"
"Bruce","Moreno","bmorenoed@sfgate.com","2009-10-06","2023-07-15","BruceM09","Singapore"
"Carl","Rivera","criveraee@japanpost.jp","2001-01-30","2023-10-14","RCarl","Indonesia"
"Scott","Moreno","smorenoef@yellowbook.com","1995-02-01","2023-08-13","MorenoS95","Indonesia"
"Roger","Goh","rgoheg@cocolog-nifty.com","2005-09-15","2024-04-12","GohR","Indonesia"
"Lisa","Hansen","lhanseneh@tiny.cc","2002-05-03","2024-01-08","LHansen02","Singapore"
"Kimberly","Anderson","kandersonei@ow.ly","1997-01-28","2024-03-24","KimberlyA","Malaysia"
"Bobby","Fuller","bfullerej@amazon.co.uk","2011-03-07","2023-12-10","FBobby","Malaysia"
"Kanh","Gordon","mgordonek@networksolutions.com","1995-06-27","2024-03-26","GordonK95","Singapore"
"Tina","Greene","tgreeneel@hud.gov","2004-03-23","2024-03-18","GTina","Thailand"
"Elizabeth","Howard","ehowardem@t-online.de","2005-10-16","2024-05-24","HElizabeth","Malaysia"
"Jeremy","Robinson","jrobinsonen@gmpg.org","2010-03-21","2023-11-30","JeremyR10","Singapore"
"Michelle","Barnes","mbarneseo@hatena.ne.jp","1995-04-24","2024-03-22","BarnesM1995","Singapore"
"Philip","Dixon","pdixoneq@shareasale.com","2009-03-14","2023-06-30","DPhilip","Singapore"
"James","Robertson","jrobertsoner@google.fr","1997-02-13","2024-01-05","RJames1997","Thailand"
"Carolyn","Alexander","calexanderes@indiatimes.com","1995-06-01","2023-10-21","ACarolyn1995","Singapore"
"Gerald","Stephens","gstephenset@gmpg.org","1999-02-04","2023-08-01","SGerald99","Malaysia"
"Louise","Banks","lbankseu@chronoengine.com","1999-07-30","2023-07-10","BLouise99","Thailand"
"Judith","Howard","jhowardev@blogtalkradio.com","2003-07-21","2023-07-17","HJudith03","Thailand"
"Judy","Hanson","jhansonew@ehow.com","1995-10-06","2023-10-27","HJudy1995","Singapore"
"Amanda","Wallace","awallaceex@dropbox.com","1996-09-29","2023-12-29","WAmanda96","Vietnam"
"Matthew","Jones","mjonesey@columbia.edu","2007-12-23","2024-01-26","JonesM2007","Malaysia"
"Douglas","Perry","dperryez@dropbox.com","1996-07-23","2023-11-08","DPerry1996","Singapore"
"Denise","Burke","dburkef0@amazonaws.com","2001-01-08","2023-12-05","BDenise01","Indonesia"
"Nicole","Lee","nleef1@whitehouse.gov","1996-11-20","2023-09-21","LNicole","Malaysia"
"Robert","Burns","rburnsf2@google.nl","2001-12-10","2024-01-21","RobertB","Vietnam"
"Matthew","Harrison","mharrisonf3@gnu.org","1997-06-06","2023-08-23","HMatthew1997","Thailand"
"Adam","Green","agreenf4@fc2.com","1995-10-20","2023-11-15","AdamG","Singapore"
"Ernest","Mitchell","emitchellf5@wunderground.com","1996-03-03","2024-04-01","MErnest1996","Singapore"
"Victor","Knight","vknightf6@dot.gov","2002-10-23","2023-10-29","KVictor","Singapore"
"Elizabeth","Young","eyoungf7@statcounter.com","2005-09-19","2024-05-09","YElizabeth05","Singapore"
"James","Singh","jsinghf8@linkedin.com","2004-04-28","2023-10-09","SJames2004","Indonesia"
"Joyce","Lynch","jlynchf9@mail.ru","1998-07-19","2024-04-21","LynchJ98","Indonesia"
"Ronald","George","rgeorgefa@so-net.ne.jp","1997-09-26","2023-07-06","GeorgeR","Malaysia"
"Patrick","Patterson","ppattersonfb@zimbio.com","2011-11-05","2024-03-29","PPatrick","Indonesia"
"Jeffrey","Thomas","jthomasfc@deliciousdays.com","2004-12-03","2023-09-11","TJeffrey04","Malaysia"
"Rose","Hamilton","rhamiltonfd@samsung.com","2005-02-10","2023-09-17","HamiltonR05","Indonesia"
"Joyce","Matthews","jmatthewsfe@unicef.org","2010-06-30","2023-07-12","MatthewsJ2010","Indonesia"
"Heather","Lewis","hlewisfg@webs.com","2012-01-12","2023-07-08","LHeather2012","Vietnam"
"Adam","Romero","aromerofh@rambler.ru","2011-01-02","2024-06-19","RomeroA","Singapore"
"Sandra","Nelson","snelsonfi@odnoklassniki.ru","1993-10-31","2024-01-10","NSandra93","Thailand"
"Gregory","Marshall","gmarshallfj@adobe.com","2007-09-28","2023-12-08","MGregory","Singapore"
"Jason","Lawson","jlawsonfk@amazon.co.uk","2009-04-12","2023-07-10","LawsonJ09","Indonesia"
"Andrea","Mason","amasonfl@lulu.com","2001-03-10","2023-08-10","AndreaM2001","Singapore"
"Mary","Lee","mleefm@nasa.gov","2006-08-14","2024-06-15","LeeM2006","Indonesia"
"Sandra","Burns","sburnsfn@ed.gov","2002-04-13","2024-05-29","SandraB02","Indonesia"
"Aaron","Griffin","agriffinfo@zdnet.com","1998-07-29","2023-09-03","AaronG","Singapore"
"Foo","Allen","rallenfp@comsenz.com","1994-05-12","2024-05-25","AllenF","Singapore"
"Willie","Singh","wsinghfq@hao123.com","2011-01-23","2023-10-05","SWillie","Indonesia"
"Paul","Edwards","pedwardsfr@nymag.com","2007-05-01","2024-04-22","EdwardsP07","Indonesia"
"Rose","Mccoy","rmccoyfs@imageshack.us","2008-06-05","2024-02-26","MRose","Singapore"
"Mark","West","mwestft@g.co","1996-05-01","2023-09-21","WMark","Malaysia"
"Victor","Singh","vsinghfu@dyndns.org","2002-06-26","2023-10-03","SVictor","Singapore"
"Kevin","Day","kdayfv@un.org","1999-10-27","2024-05-10","KevinD1999","Malaysia"
"Jean","Ferguson","jfergusonfw@ed.gov","1999-10-10","2023-11-05","FJean99","Vietnam"
"Foo","Austin","raustinfx@nasa.gov","2005-02-22","2023-09-08","AFoo2005","Singapore"
"John","Perez","jperezfy@plala.or.jp","2010-10-31","2023-10-06","PerezJ10","Vietnam"
"Joseph","Bowman","jbowmanfz@fda.gov","1999-06-14","2024-05-29","JosephB99","Malaysia"
"Ashley","Khoo","akhoog0@furl.net","2006-03-13","2024-02-06","AKhoo2006","Malaysia"
"Nancy","Ramos","nramosg1@vk.com","2004-04-06","2023-09-20","RNancy04","Indonesia"
"Daniel","Torres","dtorresg2@yandex.ru","1993-11-14","2023-08-18","TDaniel93","Singapore"
"Marie","Armstrong","marmstrongg3@prweb.com","2000-05-26","2023-09-10","ArmstrongM00","Vietnam"
"Joan","Johnson","jjohnsong4@blinklist.com","2001-05-19","2023-12-28","JohnsonJ2001","Indonesia"
"Eric","Greene","egreeneg5@usnews.com","1996-10-05","2023-09-14","GEric96","Singapore"
"Jeffrey","Daniels","jdanielsg6@npr.org","2010-03-30","2024-06-03","DanielsJ","Vietnam"
"Jesse","Greene","jgreeneg7@yellowpages.com","1995-01-13","2024-03-26","JesseG1995","Indonesia"
"Donald","Butler","dbutlerg8@chron.com","1995-03-29","2023-11-27","ButlerD","Vietnam"
"Mark","Meyer","mmeyerg9@lulu.com","1996-10-07","2024-02-05","MMark96","Thailand"
"Tina","Burton","tburtonga@mlb.com","2006-06-02","2024-05-01","BTina06","Malaysia"
"Carlos","Hughes","chughesgb@people.com.cn","2007-08-01","2024-03-02","CHughes07","Singapore"
"Foo","Daniels","rdanielsgc@sfgate.com","2003-07-09","2023-12-15","DanielsF03","Singapore"
"Gregory","Barnes","gbarnesgd@fema.gov","2007-05-23","2024-06-19","GregoryB2007","Indonesia"
"Kenneth","Howell","khowellge@gov.uk","2005-08-26","2023-06-29","HKenneth","Malaysia"
"Bonnie","Elliott","belliottgf@sohu.com","2006-06-19","2023-08-08","EBonnie06","Thailand"
"Theresa","Rivera","triveragg@marriott.com","2009-04-14","2023-09-17","RiveraT","Malaysia"
"Teresa","Schmidt","tschmidtgh@ehow.com","2006-03-15","2023-11-30","SchmidtT2006","Singapore"
"Anna","Garza","agarzagi@stanford.edu","2005-08-28","2023-07-22","AnnaG2005","Singapore"
"Charles","Stephens","cstephensgj@apache.org","2007-01-07","2023-10-18","StephensC","Indonesia"
"Evelyn","Hayes","ehayesgk@bravesites.com","2010-03-23","2024-05-09","EvelynH","Malaysia"
"Martha","Green","mgreengl@dion.ne.jp","2010-11-17","2023-11-25","MarthaG2010","Malaysia"
"Ralph","Adams","radamsgm@craigslist.org","2008-09-23","2023-09-21","RalphA2008","Singapore"
"Joshua","Long","jlonggn@barnesandnoble.com","2007-12-04","2024-04-13","LJoshua","Singapore"
"Judith","Fowler","jfowlergo@tuttocitta.it","2003-10-06","2023-09-20","FJudith","Vietnam"
"Doris","Hansen","dhansengp@techcrunch.com","2011-08-30","2023-12-01","DorisH","Singapore"
"Victor","Ortiz","vortizgq@chronoengine.com","2000-12-17","2024-04-30","VictorO00","Indonesia"
"David","Ray","draygr@bizjournals.com","2005-09-27","2023-10-18","DavidR2005","Singapore"
"Tammy","Elliott","telliottgs@amazon.co.uk","2007-04-09","2023-09-20","TammyE","Indonesia"
"Nancy","Ruiz","nruizgt@unesco.org","2010-09-30","2023-07-16","RNancy2010","Indonesia"
"Patrick","Romero","promerogu@thetimes.co.uk","2000-09-03","2023-09-18","PatrickR00","Singapore"
"Diana","Brooks","dbrooksgv@pbs.org","2005-01-12","2024-02-22","BrooksD","Thailand"
"Julie","Larson","jlarsongw@army.mil","2005-06-15","2023-11-11","LJulie","Thailand"
"Eugene","Wijaya","ewijayagx@independent.co.uk","2010-07-10","2024-01-10","WijayaE","Singapore"
"Michael","Richardson","mrichardsongy@nbcnews.com","2005-04-16","2024-03-05","MichaelR","Vietnam"
"Ralph","Fox","rfoxgz@earthlink.net","1998-08-20","2023-08-01","FoxR98","Indonesia"
"Kanh","Simmons","msimmonsh0@tuttocitta.it","1994-05-27","2023-12-05","KSimmons94","Singapore"
"Scott","Nelson","snelsonh1@linkedin.com","2005-10-04","2023-07-07","NelsonS05","Malaysia"
"Russell","Henderson","rhendersonh2@gmpg.org","1995-10-10","2023-12-27","HRussell95","Indonesia"
"Kathy","Roberts","krobertsh3@salon.com","2009-12-04","2023-09-14","RKathy","Singapore"
"Daniel","Wallace","dwallaceh4@wordpress.org","2003-01-28","2023-12-08","WDaniel2003","Singapore"
"Sharon","Kennedy","skennedyh5@weebly.com","2011-12-24","2023-09-01","SharonK11","Singapore"
"Joan","Day","jdayh6@squarespace.com","2012-02-09","2023-12-20","DayJ","Singapore"
"Justin","Ooi","jooih7@slideshare.net","1996-10-18","2024-04-01","OoiJ","Singapore"
"Pamela","Tucker","ptuckerh8@phpbb.com","1998-01-22","2024-02-24","TPamela","Singapore"
"Kathryn","Lee","kleeh9@tmall.com","1995-04-17","2023-12-27","KathrynL95","Indonesia"
"Arthur","Watkins","awatkinsha@marketwatch.com","1998-10-25","2023-10-29","WatkinsA","Indonesia"
"Ernest","Mitchell","emitchellhb@intel.com","2013-02-22","2024-04-24","ErnestM13","Singapore"
"Edward","Stanley","estanleyhc@blogspot.com","2011-11-09","2023-09-22","StanleyE11","Indonesia"
"Harry","Evans","hevanshd@about.me","2007-03-01","2023-09-07","HEvans07","Singapore"
"William","Reid","wreidhe@baidu.com","2007-11-26","2023-11-30","WReid","Thailand"
"Jean","Bowman","jbowmanhf@jiathis.com","1994-11-21","2023-11-14","BJean1994","Thailand"
"Janice","Murray","jmurrayhg@printfriendly.com","2005-02-18","2024-02-08","MurrayJ2005","Indonesia"
"Margaret","Graham","mgrahamhh@seattletimes.com","2001-03-19","2024-05-20","GMargaret","Indonesia"
"Willie","Jacobs","wjacobshi@about.com","1999-07-20","2024-03-02","JWillie99","Indonesia"
"Alan","Walker","awalkerhj@npr.org","2006-08-21","2023-12-05","WAlan06","Thailand"
"Kevin","Olson","kolsonhk@slideshare.net","2004-05-08","2024-03-04","KevinO2004","Vietnam"
"Dennis","Gutierrez","dgutierrezhl@godaddy.com","2008-05-16","2023-12-08","DennisG2008","Indonesia"
"Wayne","Stone","wstonehm@disqus.com","2004-01-31","2023-07-22","WayneS2004","Vietnam"
"Wanda","Ruiz","wruizhn@ted.com","1998-06-21","2024-02-07","WRuiz98","Singapore"
"Catherine","Reyes","creyesho@marriott.com","2009-04-03","2023-12-08","RCatherine2009","Indonesia"
"Daniel","Ooi","dooihp@google.co.jp","1993-07-14","2023-08-10","DOoi","Singapore"
"Alan","Cruz","acruzhq@examiner.com","2000-12-11","2023-09-27","CAlan00","Vietnam"
"Tammy","Alvarez","talvarezhr@dell.com","1994-02-16","2023-07-17","TammyA1994","Singapore"
"Margaret","Murray","mmurrayhs@arstechnica.com","1998-01-10","2024-01-12","MurrayM1998","Singapore"
"Joshua","Hill","jhillht@who.int","1994-10-30","2023-11-08","HJoshua1994","Indonesia"
"Wayne","Kelly","wkellyhu@ft.com","2000-01-27","2023-11-28","KWayne","Singapore"
"Kenneth","Castillo","kcastillohw@deviantart.com","1995-05-31","2024-02-18","KennethC1995","Thailand"
"Marie","Meyer","mmeyerhx@netscape.com","2003-07-01","2023-11-30","MMarie","Singapore"
"Paul","King","pkinghz@surveymonkey.com","2002-05-01","2024-02-27","PaulK","Malaysia"
"Stephen","Palmer","spalmeri0@acquirethisname.com","2001-05-20","2024-06-22","StephenP01","Vietnam"
"Lisa","Wijaya","lwijayai1@prnewswire.com","2011-08-26","2023-09-25","WLisa2011","Indonesia"
"Beverly","Diaz","bdiazi2@people.com.cn","2011-09-27","2024-01-31","BeverlyD2011","Vietnam"
"David","Sims","dsimsi3@gravatar.com","1999-09-29","2023-11-25","SDavid","Malaysia"
"Ronald","Hayes","rhayesi4@theglobeandmail.com","2010-08-22","2024-03-25","HRonald2010","Indonesia"
"Teresa","Wells","twellsi5@psu.edu","1999-07-17","2023-11-19","WellsT1999","Singapore"
"Shirley","Richards","srichardsi6@un.org","1997-05-26","2024-02-01","RShirley97","Vietnam"
"Johnny","Rivera","jriverai7@unicef.org","2006-12-19","2024-01-13","JohnnyR2006","Singapore"
"Gregory","Leeon","gleeoni8@sciencedirect.com","1995-09-17","2024-01-16","LGregory95","Vietnam"
"Janice","Soesianto","jsoesiantoi9@blinklist.com","2012-01-27","2023-09-17","JaniceS12","Singapore"
"Douglas","Fox","dfoxia@wp.com","2006-11-20","2024-03-29","DFox","Vietnam"
"Bobby","Andrews","bandrewsib@tripadvisor.com","2009-09-05","2023-07-04","BobbyA2009","Vietnam"
"Theresa","Mccoy","tmccoyic@independent.co.uk","2006-04-22","2024-01-05","MTheresa","Vietnam"
"Albert","Arnold","aarnoldid@etsy.com","2003-09-24","2024-03-20","AAlbert","Singapore"
"Carolyn","Gardner","cgardnerie@meetup.com","1999-12-06","2023-11-05","CGardner1999","Singapore"
"Diana","Hunt","dhuntif@washingtonpost.com","2006-07-20","2023-09-21","DianaH06","Singapore"
"Walter","Rice","wriceig@ifeng.com","2002-10-02","2024-03-02","RWalter02","Vietnam"
"Elizabeth","Taylor","etaylorih@springer.com","2005-11-03","2024-04-21","TaylorE","Malaysia"
"Bruce","Mills","bmillsii@ebay.co.uk","2011-10-20","2024-05-20","BMills2011","Singapore"
"Gerald","Ford","gfordij@zdnet.com","1994-12-05","2023-10-16","FordG94","Vietnam"
"Ruth","Jones","rjonesik@digg.com","2003-09-24","2024-01-31","RuthJ2003","Singapore"
"Adam","Howell","ahowellil@storify.com","2009-11-12","2023-07-14","HAdam09","Indonesia"
"Jeremy","Olson","jolsonim@wordpress.org","2002-11-02","2024-02-12","JeremyO","Malaysia"
"Gloria","Castillo","gcastilloin@reuters.com","2002-07-15","2023-07-28","GloriaC02","Malaysia"
"Debra","Spencer","dspencerio@cbsnews.com","1998-06-01","2024-04-24","DebraS98","Indonesia"
"Wee Hyong","Khoo","whkhooip@earthlink.net","2000-10-24","2023-12-29","KhooW","Thailand"
"Thomas","Hernandez","thernandezir@wisc.edu","2001-09-09","2024-03-27","HernandezT","Singapore"
"Louise","Robertson","lrobertsonis@privacy.gov.au","2000-11-03","2023-08-15","RLouise2000","Singapore"
"Maria","Myers","mmyersit@reference.com","2000-11-27","2023-10-13","MariaM","Thailand"
"Dorothy","Weaver","dweaveriu@springer.com","1999-11-14","2023-09-16","WDorothy99","Malaysia"
"Joseph","Ramirez","jramireziv@facebook.com","1997-10-12","2023-08-22","RJoseph","Indonesia"
"Todd","Anderson","tandersoniw@ucoz.ru","2007-10-24","2023-08-03","AndersonT2007","Indonesia"
"Katherine","George","kgeorgeiy@zimbio.com","1995-07-17","2023-12-28","GeorgeK95","Malaysia"
"Emily","Weaver","eweaveriz@squidoo.com","2008-09-07","2023-12-28","EmilyW08","Malaysia"
"Jimmy","Hart","jhartj0@businessweek.com","2000-05-14","2023-08-08","JimmyH","Singapore"
"Mildred","Robinson","mrobinsonj1@uiuc.edu","2000-09-29","2024-02-17","RMildred","Malaysia"
"Beverly","Burton","bburtonj2@wisc.edu","2008-07-03","2024-04-21","BurtonB2008","Indonesia"
"Anna","Dean","adeanj3@ft.com","1994-09-23","2024-06-26","DeanA94","Malaysia"
"Billy","Evans","bevansj4@sohu.com","1998-06-14","2024-02-09","BillyE98","Singapore"
"Tok Wang","Wee","wee5@prlog.org","2007-07-15","2023-12-22","WeeT07","Singapore"
"John","Rose","jrosej6@cpanel.net","2006-09-14","2024-05-15","JRose06","Indonesia"
"Bobby","Welch","bwelchj7@digg.com","2001-12-26","2024-06-26","BobbyW01","Indonesia"
"Joshua","Meyer","jmeyerj8@ask.com","2003-11-01","2023-09-08","MJoshua2003","Malaysia"
"Mildred","Harvey","mharveyj9@google.com.au","2006-03-25","2024-04-11","HarveyM2006","Indonesia"
"Roy","Lawrence","rlawrenceja@wikispaces.com","2003-05-09","2023-08-03","RoyL2003","Singapore"
"Steven","Castillo","scastillojb@nhs.uk","1995-02-27","2024-01-07","CastilloS1995","Thailand"
"Jimmy","Gibson","jgibsonjc@google.ca","2007-08-26","2023-11-18","GJimmy2007","Indonesia"
"Amanda","Riley","arileyjd@t.co","2001-01-31","2023-10-07","AmandaR","Singapore"
"Fred","Stanley","fstanleyje@elpais.com","1996-04-18","2024-06-25","StanleyF","Vietnam"
"Samuel","Hunter","shunterjg@rediff.com","1998-03-24","2023-07-08","HunterS1998","Indonesia"
"Gloria","Diaz","gdiazjh@netlog.com","2010-10-27","2023-08-21","DiazG","Thailand"
"Joe","Stanley","jstanleyji@wikimedia.org","1998-06-28","2023-10-05","StanleyJ","Singapore"
"Willie","Long","wlongjj@moonfruit.com","2002-09-29","2024-02-04","WLong02","Singapore"
"Laura","Leong","lleongjk@tmall.com","2011-01-02","2024-06-20","LLaura2011","Singapore"
"Cheryl","Reyes","creyesjl@jalbum.net","2004-03-08","2023-08-22","ReyesC04","Indonesia"
"Ann","Freeman","afreemanjm@bbb.org","1996-03-28","2023-08-21","FreemanA1996","Indonesia"
"Katherine","Kelly","kkellyjn@pinterest.com","1997-10-24","2024-02-25","KKatherine97","Malaysia"
"Margaret","Mitchell","mmitchelljp@pagesperso-orange.fr","2004-01-31","2023-08-16","MitchellM04","Indonesia"
"Cheryl","Andrews","candrewsjq@altervista.org","2002-12-13","2024-05-02","ACheryl2002","Indonesia"
"John","Black","jblackjr@indiegogo.com","2004-08-31","2023-11-29","BJohn04","Indonesia"
"John","Griffin","jgriffinjs@fastcompany.com","2000-07-31","2024-03-07","GJohn00","Singapore"
"Harry","Burns","hburnsjt@fotki.com","2005-04-02","2024-06-04","BHarry2005","Indonesia"
"Annie","Morales","amoralesju@squidoo.com","2006-09-12","2024-04-01","MAnnie06","Singapore"
"Frances","Berry","fberryjv@blog.com","1996-01-13","2024-02-22","BFrances96","Thailand"
"Joseph","Turner","jturnerjw@house.gov","1995-04-08","2024-06-02","TJoseph1995","Indonesia"
"Keith","Jenkins","kjenkinsjx@ucla.edu","1993-05-19","2023-10-23","JKeith93","Thailand"
"Barbara","Taylor","btaylorjy@microsoft.com","2010-07-13","2024-04-05","BarbaraT","Malaysia"
"Heather","Bradley","hbradleyjz@ftc.gov","1997-05-03","2024-01-24","BradleyH97","Singapore"
"Kenneth","Little","klittlek0@zimbio.com","2001-10-14","2023-11-18","KLittle01","Indonesia"
"Walter","Carpenter","wcarpenterk1@live.com","2001-11-22","2024-02-03","WalterC01","Indonesia"
"Marie","Flores","mfloresk2@sogou.com","2009-12-01","2024-05-25","MFlores09","Indonesia"
"Matthew","Foster","mfosterk3@twitter.com","2008-03-30","2023-12-29","FMatthew08","Singapore"
"Anne","Green","agreenk4@ocn.ne.jp","2001-04-09","2023-07-14","AnneG","Vietnam"
"Dorothy","Harvey","dharveyk5@state.gov","1998-12-08","2023-12-03","DorothyH98","Malaysia"
"Amanda","Mason","amasonhv@netvibes.com","2012-09-07","2023-12-04","MasonA","Indonesia"
"Amanda","Grant","agrantk6@dedecms.com","2001-09-17","2023-08-19","GrantA01","Malaysia"
"Sarah","Smith","ssmithk7@java.com","1999-06-14","2024-03-07","SmithS99","Malaysia"
"Laura","Meyer","lmeyerk8@tmall.com","2006-01-31","2023-11-27","LauraM06","Indonesia"
"Todd","Kennedy","tkennedyk9@tumblr.com","2002-06-02","2024-06-02","KTodd2002","Singapore"
"Chris","Trinh","ctrinhka@about.me","2001-06-28","2023-11-13","ChrisT01","Indonesia"
"Sarah","Lee","sleekb@seattletimes.com","2011-10-17","2023-11-09","LeeS11","Singapore"
"Anna","Day","adaykc@dell.com","1997-08-30","2023-10-04","DAnna1997","Singapore"
"Steve","Holmes","sholmeskd@un.org","2012-01-04","2024-06-10","HolmesS","Singapore"
"Clarence","Elliott","celliottke@sakura.ne.jp","1997-06-21","2023-11-10","ClarenceE1997","Indonesia"
"Henry","Wijaya","hwijayakf@abc.net.au","2002-06-12","2023-08-06","HenryW2002","Thailand"
"Benjamin","Scott","bscottkg@shop-pro.jp","2009-08-26","2024-02-05","ScottB","Vietnam"
"Mary","Hamilton","mhamiltonkh@imdb.com","1997-09-29","2023-07-09","HMary","Malaysia"
"Brandon","Stone","bstoneki@eepurl.com","2008-07-20","2024-06-14","SBrandon","Singapore"
"Bonnie","Weaver","bweaverkj@wisc.edu","2002-07-06","2023-12-30","WeaverB","Thailand"
"Richard","Burke","rburkekk@whitehouse.gov","1999-01-28","2023-12-22","BurkeR99","Thailand"
"Harry","Henderson","hhendersonkl@zimbio.com","1996-10-17","2023-10-30","HendersonH96","Singapore"
"Daniel","Hanson","dhansonkm@youku.com","2001-04-06","2024-06-05","HansonD","Malaysia"
"Eric","Holmes","eholmesko@google.nl","1999-01-12","2024-02-06","HEric99","Singapore"
"Joseph","Ruiz","jruizkp@mtv.com","2004-05-27","2023-12-28","RuizJ","Singapore"
"James","Gonzalez","jgonzalezkr@comcast.net","1994-08-25","2024-03-22","JGonzalez","Thailand"
"Bobby","Foster","bfosterks@google.cn","2007-10-05","2023-10-13","FosterB2007","Indonesia"
"Joe","Garrett","jgarrettkt@msn.com","2003-08-31","2024-01-06","GarrettJ03","Indonesia"
"Amanda","Soesianto","asoesiantoku@apple.com","2005-01-15","2023-11-12","SAmanda05","Indonesia"
"Joseph","Phillips","jphillipskv@ehow.com","2003-08-18","2023-07-20","PhillipsJ","Singapore"
"Paula","Griffin","pgriffinkw@hp.com","1995-05-08","2023-09-24","PaulaG","Thailand"
"Keith","Mccoy","kmccoykx@arstechnica.com","2010-06-18","2024-01-04","MKeith","Singapore"
"Ann","Song","asongky@virginia.edu","1996-02-01","2023-11-05","AnnS","Indonesia"
"Cheryl","Stevens","cstevensl0@wufoo.com","1995-04-22","2023-12-23","StevensC","Singapore"
"Donna","Bailey","dbaileyl2@ebay.com","2007-12-07","2024-02-23","BaileyD2007","Malaysia"
"Albert","Dean","adeanl3@china.com.cn","1996-01-20","2024-05-13","DAlbert1996","Singapore"
"Shirley","Sri","ssril4@tuttocitta.it","2010-09-04","2024-06-15","ShirleyS","Malaysia"
"Edward","Ferguson","efergusonl5@qq.com","2002-07-18","2024-05-08","EdwardF02","Thailand"
"Anthony","Gonzales","agonzalesl6@accuweather.com","1995-05-11","2023-10-10","GAnthony1995","Singapore"
"Teresa","Richards","trichardsl7@blogtalkradio.com","1995-12-20","2024-05-26","RichardsT","Indonesia"
"Lois","Hall","lhalll8@engadget.com","1997-06-26","2024-02-04","LoisH1997","Singapore"
"Andrew","Owens","aowensl9@economist.com","2011-07-27","2024-05-10","OAndrew11","Malaysia"
"Terry","Woods","twoodslb@washingtonpost.com","1995-05-20","2024-05-26","WTerry1995","Singapore"
"Jesse","Rice","jricelc@dell.com","2008-02-13","2024-05-24","RiceJ2008","Vietnam"
"Johnny","Wallace","jwallaceld@yelp.com","2006-01-09","2024-02-12","WallaceJ06","Thailand"
"Norma","Simmons","nsimmonsle@lycos.com","2011-03-13","2024-05-03","SNorma11","Indonesia"
"Foo","Rice","rricelf@vistaprint.com","2001-10-14","2023-08-03","FRice01","Malaysia"
"Steven","Bradley","sbradleylg@ucoz.ru","2008-08-06","2023-07-24","BradleyS2008","Malaysia"
"Jeremy","Santoso","jsantosolh@dagondesign.com","2011-02-09","2024-01-20","JSantoso","Vietnam"
"Joyce","Parker","jparkerli@bigcartel.com","2010-04-22","2023-09-16","PJoyce10","Malaysia"
"Joan","Burton","jburtonlk@slashdot.org","1994-09-25","2024-05-03","BurtonJ1994","Thailand"
"Robin","Mason","rmasonll@wikia.com","1994-11-12","2024-03-17","MasonR","Thailand"
"Karen","Tung","ktunglm@altervista.org","2001-01-17","2024-05-16","KarenT01","Singapore"
"Jerry","Robinson","jrobinsonln@flavors.me","1997-08-17","2024-05-16","JerryR1997","Singapore"
"Andrea","Gonzalez","agonzalezlo@shinystat.com","2002-09-25","2024-03-29","GonzalezA","Singapore"
"Larry","Knight","lknightlp@ameblo.jp","2004-06-15","2024-04-18","LarryK2004","Singapore"
"Elizabeth","Howell","ehowelllq@arizona.edu","1994-06-17","2024-05-22","HowellE94","Malaysia"
"Ashley","Edwards","aedwardslr@myspace.com","2003-05-06","2024-05-15","AshleyE03","Singapore"
"Jonathan","Smith","jsmithls@go.com","2009-09-17","2024-01-20","SmithJ2009","Malaysia"
"Roger","Dunn","rdunnlu@fc2.com","1999-02-15","2024-02-24","RDunn99","Singapore"
"Steven","Rivera","sriveralv@blogtalkradio.com","2007-01-06","2024-04-16","StevenR2007","Singapore"
"Ronald","Foo","rfoolx@angelfire.com","2005-02-04","2023-12-22","FRonald05","Indonesia"
"Carol","Arnold","carnoldly@yale.edu","2002-08-04","2024-03-26","CarolA2002","Singapore"
"Shawn","Roberts","srobertslz@skyrock.com","2005-01-09","2023-09-28","RShawn","Singapore"
"Walter","Smith","wsmithm0@bigcartel.com","2008-05-28","2024-03-25","WalterS08","Thailand"
"Heather","Gilbert","hgilbertm1@npr.org","2003-04-05","2024-02-19","GHeather03","Malaysia"
"Jose","Kim","jkimm2@house.gov","2006-04-01","2024-06-25","KJose06","Singapore"
"Harold","Moreno","hmorenom3@smh.com.au","2000-05-31","2023-08-04","MorenoH00","Thailand"
"Martha","Mao","mmaom4@usda.gov","2011-05-31","2024-06-10","MMartha11","Thailand"
"Jeremy","Kennedy","jkennedym5@sphinn.com","1997-05-08","2024-01-06","KennedyJ97","Singapore"
"Jeffrey","Song","jsongm6@umn.edu","1997-11-26","2024-01-01","SJeffrey","Singapore"
"Roger","Wagner","rwagnerm8@reference.com","1994-06-27","2024-01-28","WRoger","Indonesia"
"Laura","Alvarez","lalvarezma@instagram.com","2009-03-21","2023-09-09","ALaura2009","Indonesia"
"Daniel","Hansen","dhansenmb@uiuc.edu","1998-01-24","2023-07-22","HDaniel98","Vietnam"
"Chris","Gibson","cgibsonmc@wufoo.com","2003-11-07","2023-11-21","GibsonC2003","Malaysia"
"Dorothy","King","dkingmd@xinhuanet.com","1994-09-24","2024-01-31","KingD94","Singapore"
"Cheryl","Garcia","cgarciame@examiner.com","2010-03-10","2024-05-23","GarciaC10","Vietnam"
"Rebecca","Han","rhanmg@51.la","2005-06-07","2024-05-09","RebeccaH","Indonesia"
"Rose","Nelson","rnelsonmh@va.gov","2010-04-21","2023-07-05","NRose10","Singapore"
"Clarence","Chapman","cchapmanmi@imageshack.us","2008-01-01","2024-03-19","ChapmanC08","Thailand"
"Ruby","Dixon","rdixonmj@jalbum.net","1996-04-15","2023-07-20","DixonR","Singapore"
"Brandon","Hall","bhallmk@live.com","1996-06-21","2024-05-21","HBrandon1996","Singapore"
"Craig","Harrison","charrisonml@rambler.ru","2005-05-02","2023-07-30","CraigH05","Singapore"
"Craig","Price","cpricemm@technorati.com","1997-07-25","2023-11-30","PriceC97","Singapore"
"Henry","Chavez","hchavezmn@netvibes.com","1999-12-16","2023-07-13","HChavez99","Vietnam"
"Harold","Walker","hwalkermo@tumblr.com","2006-12-08","2024-06-13","HaroldW06","Singapore"
"Kevin","Gonzales","kgonzalesmp@eventbrite.com","1996-08-23","2024-02-20","KevinG","Singapore"
"James","Rose","jrosemq@dedecms.com","1998-05-29","2024-03-29","RoseJ98","Thailand"
"George","Lawrence","glawrencemr@japanpost.jp","2007-09-14","2023-07-26","LawrenceG2007","Malaysia"
"Kimberly","Hayes","khayesms@digg.com","1995-01-13","2023-09-20","HayesK95","Thailand"
"Henry","Chavez","hchavezmt@woothemes.com","2007-11-19","2024-03-01","CHenry2007","Malaysia"
"Lawrence","Kim","lkimmu@facebook.com","2003-10-13","2024-05-08","LKim","Singapore"
"Steven","Greene","sgreenemv@businessweek.com","2004-10-22","2024-02-15","GSteven04","Malaysia"
"Cynthia","Carter","ccartermw@jimdo.com","2009-03-23","2023-09-23","CCarter","Indonesia"
"Sharon","Green","sgreenmx@dyndns.org","2010-11-17","2023-08-07","SharonG2010","Vietnam"
"Kelly","Scott","kscottmy@xing.com","2002-05-30","2023-07-23","ScottK02","Singapore"
"Billy","Song","bsongmz@joomla.org","1996-04-21","2024-03-04","SBilly96","Singapore"
"Jessica","Lynch","jlynchn0@who.int","1997-02-22","2023-08-05","LJessica","Indonesia"
"Albert","Porter","aportern1@auda.org.au","2011-07-13","2023-10-19","AlbertP11","Vietnam"
"Jennifer","Arnold","jarnoldn2@parallels.com","2004-03-24","2024-04-07","AJennifer04","Thailand"
"Mary","Black","mblackn3@jimdo.com","1996-07-29","2023-12-25","BMary96","Singapore"
"Angela","Foo","afoon4@behance.net","2010-03-01","2024-03-17","AngelaF2010","Thailand"
"Joseph","Moreno","jmorenon5@deliciousdays.com","1998-03-23","2024-05-21","JosephM98","Singapore"
"Nancy","Hernandez","nhernandezn6@fda.gov","2011-09-07","2024-02-22","NancyH11","Singapore"
"Amanda","Morgan","amorgann7@house.gov","2005-06-23","2023-11-03","MorganA2005","Singapore"
"Shirley","White","swhiten8@google.co.jp","2008-01-30","2023-07-27","ShirleyW2008","Malaysia"
"Rebecca","Alexander","ralexandern9@thetimes.co.uk","2004-01-30","2023-07-26","RebeccaA04","Malaysia"
"Arthur","Gonzales","agonzalesna@sfgate.com","1999-10-01","2024-06-19","GonzalesA99","Malaysia"
"Kimberly","Leeon","kleeonnb@imdb.com","1994-05-24","2023-12-15","LeeonK94","Thailand"
"Stephen","Leong","sleongnc@ovh.net","1995-09-30","2024-03-11","LStephen1995","Indonesia"
"Gerald","Roberts","grobertsnd@nationalgeographic.com","1995-01-22","2023-11-25","RGerald1995","Thailand"
"Marie","Khoo","mkhoone@sina.com.cn","2010-02-03","2023-12-25","KMarie10","Singapore"
"Joyce","Elliott","jelliottnf@ameblo.jp","2001-01-10","2023-11-03","JoyceE01","Singapore"
"Lawrence","Moreno","lmorenong@scribd.com","2005-10-24","2024-05-21","MorenoL05","Indonesia"
"Kathleen","Griffin","kgriffinnh@phoca.cz","2004-05-01","2023-11-21","GKathleen04","Malaysia"
"Billy","Greene","bgreeneni@domainmarket.com","2004-09-18","2023-09-25","GreeneB2004","Thailand"
"Melissa","Ramirez","mramireznj@list-manage.com","2004-01-15","2024-05-22","RamirezM2004","Indonesia"
"Chris","Hernandez","chernandeznk@skyrock.com","1997-09-27","2024-04-10","HChris1997","Indonesia"
"Walter","Foster","wfosternl@bloglovin.com","2009-04-07","2023-09-03","WalterF2009","Indonesia"
"Dennis","Henderson","dhendersonnm@java.com","2002-04-10","2024-04-21","DHenderson2002","Malaysia"
"Sarah","Woods","swoodsnn@bigcartel.com","2000-02-04","2023-12-10","SWoods00","Singapore"
"Ruby","Olson","rolsonno@answers.com","2003-09-07","2024-05-30","ORuby2003","Vietnam"
"Larry","Hansen","lhansennp@nature.com","2011-11-03","2024-06-17","HansenL","Indonesia"
"Matthew","Myers","mmyersnq@google.co.jp","1997-05-01","2023-11-15","MyersM1997","Indonesia"
"Paul","Garcia","pgarcianr@geocities.jp","2012-01-22","2024-01-27","GPaul12","Singapore"
"Dorothy","Jenkins","djenkinsns@google.com.hk","1998-03-03","2023-11-17","JDorothy1998","Malaysia"
"Jane","Lee","jleent@nhs.uk","2011-09-07","2023-10-26","LeeJ2011","Singapore"
"Clarence","Hernandez","chernandeznu@clickbank.net","1997-12-31","2024-06-08","HernandezC97","Malaysia"
"Kimberly","Burns","kburnsnv@alibaba.com","2002-03-02","2023-09-24","BurnsK","Malaysia"
"Bruce","Lee","bleenw@cornell.edu","1996-12-31","2023-07-17","BLee96","Singapore"
"Ann","Sims","asimsnx@cafepress.com","1996-04-04","2024-04-23","SimsA96","Singapore"
"Annie","Owens","aowensny@hatena.ne.jp","2009-06-19","2024-01-17","OwensA09","Vietnam"
"Kathryn","Hanson","khansonnz@independent.co.uk","2002-09-21","2024-05-26","KathrynH2002","Singapore"
"Albert","Khoo","akhooo1@mysql.com","2006-07-29","2023-09-29","KAlbert06","Singapore"
"Carl","Howard","chowardo2@unesco.org","2010-11-17","2024-06-06","HowardC2010","Thailand"
"Joe","Riley","jrileyo4@weather.com","1997-04-27","2024-01-03","RileyJ97","Thailand"
"Jean","Ferguson","jfergusono5@gov.uk","2001-11-02","2024-01-11","FJean2001","Malaysia"
"Jason","Goh","jgoho7@deviantart.com","2010-08-20","2023-09-23","GohJ2010","Singapore"
"Sandra","Morris","smorriso8@youku.com","1995-06-30","2024-02-16","SandraM95","Singapore"
"Benjamin","Bennett","bbennetto9@sogou.com","1993-08-02","2023-12-24","BBenjamin","Singapore"
"Sarah","Brown","sbrownoa@nifty.com","2010-03-10","2024-05-18","BSarah2010","Singapore"
"Terry","Torres","ttorresob@weather.com","2010-02-26","2023-10-11","TTerry2010","Thailand"
"Denise","Ooi","dooioc@businessinsider.com","2012-03-05","2024-04-08","OoiD12","Malaysia"
"Lois","King","lkingod@hao123.com","2000-04-02","2024-01-19","KLois2000","Thailand"
"David","Mao","dmaoof@independent.co.uk","2003-08-31","2023-11-06","MDavid2003","Singapore"
"Stephen","Fox","sfoxog@mayoclinic.com","1996-10-26","2024-05-01","StephenF1996","Indonesia"
"Jesse","Ling","jlingoh@globo.com","1993-11-14","2024-02-14","LJesse","Singapore"
"Ernest","Murray","emurrayoi@flickr.com","2011-11-08","2024-04-20","ErnestM11","Indonesia"
"Betty","Woods","bwoodsoj@ycombinator.com","2011-08-23","2024-03-29","WoodsB11","Malaysia"
"Sean","Wood","swoodok@uiuc.edu","1996-04-25","2023-09-02","WoodS1996","Singapore"
"Walter","Mao","wmaool@jugem.jp","2001-12-15","2023-11-07","WalterM2001","Indonesia"
"Roger","Ruiz","rruizom@google.cn","2003-10-29","2024-03-17","RRoger03","Indonesia"
"Sharon","Wijaya","swijayaon@bing.com","2002-07-15","2024-01-01","SharonW02","Singapore"
"Irene","Moore","imooreoo@hugedomains.com","2000-07-09","2023-12-03","IreneM","Malaysia"
"Charles","Hunt","chuntop@webmd.com","2002-07-19","2023-08-29","HuntC2002","Thailand"
"Diana","Butler","dbutleroq@skype.com","2004-03-07","2024-06-11","BDiana04","Singapore"
"Jessica","Dixon","jdixonor@nationalgeographic.com","2008-03-16","2023-07-14","DJessica2008","Indonesia"
"Randy","Kelly","rkellyos@wikimedia.org","1998-04-17","2024-01-30","KRandy1998","Indonesia"
"George","Young","gyoungot@feedburner.com","2001-01-18","2024-01-31","YGeorge2001","Indonesia"
"Randy","Gutierrez","rgutierrezou@cafepress.com","2000-08-30","2023-10-06","GutierrezR2000","Malaysia"
"Ruby","Bradley","rbradleyov@wired.com","1998-10-06","2024-02-05","BradleyR","Vietnam"
"Foo","Morrison","rmorrisonow@theglobeandmail.com","1994-09-03","2023-07-07","MorrisonF94","Singapore"
"Foo","Parker","rparkerox@qq.com","2006-01-13","2023-09-24","FooP2006","Singapore"
"Amy","Clark","aclarkoy@t-online.de","2004-01-30","2024-02-10","ClarkA04","Singapore"
"Sara","Hansen","shansenoz@howstuffworks.com","1997-09-02","2024-01-27","HansenS97","Indonesia"
"Walter","Gibson","wgibsonp0@surveymonkey.com","1998-05-01","2023-07-05","GibsonW","Singapore"
"Wanda","Chan","wchanp1@ox.ac.uk","1993-10-11","2023-10-10","ChanW1993","Thailand"
"Shawn","Bishop","sbishopp2@sina.com.cn","1995-10-08","2024-01-06","BShawn95","Indonesia"
"Alan","Hansen","ahansenp3@webnode.com","2011-01-20","2024-02-01","AlanH11","Singapore"
"Ernest","Tung","etungp4@taobao.com","2003-12-06","2023-12-27","TungE","Singapore"
"Catherine","Barnes","cbarnesp5@bluehost.com","1994-04-22","2024-01-05","BarnesC","Indonesia"
"Andrew","Tan","atanp6@gizmodo.com","1995-10-16","2023-12-07","ATan95","Singapore"
"Mary","George","mgeorgep7@abc.net.au","2002-12-10","2023-07-11","MaryG02","Indonesia"
"Shawn","Gomez","sgomezp8@altervista.org","2005-12-09","2024-02-24","GShawn","Malaysia"
"Alice","Gordon","agordonp9@vk.com","1997-01-31","2023-11-02","GordonA97","Indonesia"
"Timothy","Ferguson","tfergusonpa@cbslocal.com","1993-06-06","2024-06-26","FTimothy1993","Indonesia"
"Emily","Morales","emoralespb@china.com.cn","2004-05-07","2023-10-11","MEmily04","Indonesia"
"Nicole","Wright","nwrightpc@blog.com","2008-07-31","2023-07-30","WNicole08","Singapore"
"Mary","Ling","mlingpd@123-reg.co.uk","2011-06-24","2024-02-26","LMary","Singapore"
"Keith","Collins","kcollinspe@domainmarket.com","2003-11-25","2023-07-05","CKeith","Indonesia"
"Kelly","Reynolds","kreynoldspf@state.gov","1996-06-27","2023-11-20","KReynolds96","Indonesia"
"Harry","Andrews","handrewspg@g.co","2005-07-05","2023-12-21","AndrewsH05","Malaysia"
"Jennifer","Shaw","jshawph@wisc.edu","2006-03-24","2023-07-25","ShawJ06","Malaysia"
"Jean","Roberts","jrobertspi@nyu.edu","2000-01-28","2024-02-29","RJean00","Vietnam"
"Joseph","Hakim","jhakimpj@cam.ac.uk","1994-12-16","2024-04-03","JHakim94","Vietnam"
"Craig","Khoo","ckhoopl@redcross.org","1996-04-08","2024-05-24","KCraig96","Indonesia"
"Robert","Welch","rwelchpm@ow.ly","2003-11-16","2024-06-01","WRobert","Indonesia"
"Jean","Ling","jlingpn@walmart.com","2002-06-02","2024-05-25","JeanL02","Thailand"
"Robert","Gilbert","rgilbertpo@bing.com","2004-12-21","2023-09-10","GRobert","Singapore"
"Harold","Kuningan","hkuninganpq@buzzfeed.com","2003-09-30","2024-05-19","KuninganH2003","Malaysia"
"Kathleen","Hayes","khayespr@friendfeed.com","2005-04-17","2024-04-08","HKathleen","Indonesia"
"Juan","Lawrence","jlawrenceps@issuu.com","2002-02-16","2024-03-14","LawrenceJ02","Indonesia"
"Pamela","Chan","pchanpt@qq.com","2012-01-13","2023-07-01","PamelaC","Vietnam"
"Mark","Cole","mcolepu@cnbc.com","1996-09-12","2024-06-26","MCole96","Singapore"
"Teresa","Bell","tbellpv@ebay.com","2009-01-23","2024-05-03","BellT","Singapore"
"Kanh","Cruz","mcruzpw@example.com","1995-02-14","2024-04-03","KanhC","Indonesia"
"Judy","Oliver","joliverpx@usatoday.com","2008-09-16","2023-12-17","OJudy08","Thailand"
"Helen","Gray","hgraypy@ycombinator.com","1995-10-25","2023-08-08","HelenG95","Malaysia"
"Robert","Ortiz","rortizq0@imgur.com","2008-09-29","2023-10-19","OrtizR08","Indonesia"
"Jean","Ling","jlingq1@columbia.edu","2003-02-17","2023-07-13","JeanL03","Singapore"
"Antonio","Ellis","aellisq2@topsy.com","2007-05-28","2023-09-02","EAntonio07","Vietnam"
"Eugene","Johnson","ejohnsonq3@rakuten.co.jp","1995-05-27","2023-09-17","JEugene","Thailand"
"Katherine","Jones","kjonesq4@facebook.com","1999-11-26","2023-11-17","JonesK1999","Singapore"
"Tammy","Johnson","tjohnsonq5@wisc.edu","2004-07-08","2023-07-24","JTammy2004","Singapore"
"Cheryl","Fernandez","cfernandezq6@joomla.org","1994-09-08","2023-07-23","CherylF","Singapore"
"Janice","Ward","jwardq7@accuweather.com","2004-12-08","2024-01-25","WJanice04","Indonesia"
"Charles","Han","chanq8@hud.gov","2002-08-12","2023-07-02","HCharles02","Singapore"
"Harry","Hart","hhartq9@bloglines.com","1999-08-01","2024-04-07","HarryH99","Indonesia"
"Kathryn","Cole","kcoleqb@wisc.edu","2000-05-10","2024-01-26","KathrynC00","Indonesia"
"Denise","Wagner","dwagnerqc@wikia.com","1997-04-10","2024-05-17","WagnerD97","Indonesia"
"Ashley","Brooks","abrooksqd@163.com","1997-02-06","2024-05-08","AshleyB1997","Thailand"
"Roy","Alexander","ralexanderqe@example.com","1993-07-10","2023-12-08","AlexanderR","Singapore"
"Tammy","Burke","tburkeqf@wiley.com","2007-01-22","2024-03-28","BurkeT","Malaysia"
"Catherine","Bishop","cbishopqg@wunderground.com","2004-09-22","2023-11-08","BishopC2004","Singapore"
"Roger","Morrison","rmorrisonh@miitbeian.gov.cn","2007-07-14","2023-07-31","MRoger2007","Vietnam"
"Jerry","Thomas","jthomasqh@pinterest.com","2011-02-19","2024-04-27","JThomas11","Singapore"
"Ralph","Nichols","rnicholsqi@youtu.be","2010-11-10","2023-07-27","RalphN","Malaysia"
"Paul","Hanson","phansonqj@umn.edu","2012-12-15","2024-04-16","HansonP","Vietnam"
"Theresa","Bowman","tbowmanqk@free.fr","1993-05-07","2024-01-20","TheresaB","Thailand"
"Jacqueline","Graham","jgrahamrq@addthis.com","2008-01-27","2023-07-04","GJacqueline","Singapore"
"Samuel","Lee","sleerr@amazonaws.com","2011-06-28","2024-02-10","SamuelL2011","Malaysia"
"Anthony","Morales","amorales2r@auda.org.au","1994-01-05","2023-08-02","MAnthony94","Indonesia"
"Bruce","Chan","bchan6y@nih.gov","1993-11-22","2023-12-01","BruceC93","Thailand"
"Benjamin","Webb","bwebbjf@nhs.uk","1993-05-08","2024-05-30","WBenjamin93","Indonesia"
"Edward","Wright","ewright13@bizjournals.com","2012-10-21","2023-08-07","WEdward12","Malaysia"
"Paula","Armstrong","parmstrong8@furl.net","2013-02-02","2023-08-10","PArmstrong","Singapore"
"Kathleen","Kanh","kkanhe@walmart.com","2012-04-06","2023-12-26","KKathleen2012","Singapore"
"Kathleen","Shaw","kshawqr@chron.com","2013-02-04","2024-01-18","KathleenS2013","Singapore"
"Catherine","Kanh","ckanh2p@amazon.co.jp","2012-08-21","2023-12-25","KCatherine2012","Singapore"
"Adam","Wijaya","awijaya38@xinhuanet.com","2012-04-20","2023-07-08","WAdam","Singapore"
"Kelly","Lopez","klopez3l@tumblr.com","2012-05-25","2024-03-08","LKelly12","Indonesia"
"Anna","Lawson","alawson3u@booking.com","2013-02-13","2024-05-10","LAnna2013","Singapore"
"Victor","Singh","vsingh45@ox.ac.uk","2012-08-25","2024-02-18","SVictor12","Singapore"
"Jessica","Green","jgreen4b@wikipedia.org","2013-02-12","2024-05-16","GreenJ","Singapore"
"Terry","Mitchell","tmitchell4j@nymag.com","2012-03-18","2023-07-13","MitchellT12","Malaysia"
"Thomas","Howard","thoward56@digg.com","2012-08-16","2023-07-13","HowardT","Malaysia"
"Marilyn","Sims","msims5j@uol.com.br","2012-03-30","2023-07-10","SimsM12","Indonesia"
"Judy","Bailey","jbailey5k@bravesites.com","2013-02-15","2023-12-02","BaileyJ2013","Indonesia"
"Jeremy","Romero","jromero5u@bandcamp.com","2012-10-29","2024-04-11","RJeremy2012","Singapore"
"Amy","Goh","agoh7b@hatena.ne.jp","2012-11-10","2023-09-12","AmyG12","Thailand"
"Russell","Hakim","rhakim7y@si.edu","2012-08-21","2024-03-28","HRussell","Vietnam"
"Emily","Nelson","enelson8s@4shared.com","2012-06-13","2023-09-13","NEmily2012","Singapore"
"Christopher","Burns","cburns93@soup.io","2012-04-14","2024-01-14","BChristopher","Indonesia"
"Denise","Phillips","dphillips9f@addthis.com","2012-09-14","2023-11-07","DeniseP12","Indonesia"
"Alice","Mason","amason9r@domainmarket.com","2013-01-27","2023-10-09","AMason2013","Indonesia"
"Gerald","Ooi","gooiae@yandex.ru","2012-08-07","2023-11-25","OoiG","Singapore"
"Lori","Holmes","lholmesc8@earthlink.net","2012-10-06","2024-04-30","LoriH","Indonesia"
"Willie","Stephens","wstephensd3@zdnet.com","2012-04-17","2024-06-12","WillieS2012","Malaysia"
"Ernest","West","ewestd4@ovh.net","2012-10-30","2023-11-05","WErnest","Indonesia"
"Mary","Price","mpricedc@seattletimes.com","2012-12-01","2024-06-05","PMary2012","Indonesia"
"Eugene","Jones","ejonesep@virginia.edu","2012-08-08","2024-02-18","EugeneJ","Vietnam"
"Frank","Carroll","fcarrollff@ocn.ne.jp","2012-05-08","2024-04-06","FrankC2012","Thailand"
"Amanda","Banks","abankshy@irs.gov","2012-04-28","2023-08-12","BanksA2012","Malaysia"
"Jacqueline","Larson","jlarsoniq@wiley.com","2012-12-01","2023-08-10","LJacqueline","Thailand"
"Philip","Lewis","plewisjo@cnbc.com","2012-05-02","2023-09-15","LPhilip2012","Thailand"
"Christine","Owens","cowenskn@slashdot.org","2012-03-05","2023-12-23","ChristineO","Malaysia"
"Daniel","Wells","dwellskq@mashable.com","2012-09-07","2024-01-22","WDaniel12","Singapore"
"Richard","Lewis","rlewiskz@apache.org","2012-08-01","2023-12-04","LRichard2012","Singapore"
"Antonio","Powell","apowelll1@naver.com","2012-10-25","2024-04-25","PowellA2012","Singapore"
"Stephen","Hill","shillla@intel.com","2012-12-29","2023-10-30","HillS12","Singapore"
"Alan","Ruiz","aruizlj@japanpost.jp","2013-01-01","2024-05-06","AlanR","Indonesia"
"Lawrence","George","lgeorgelt@ebay.com","2012-12-23","2024-01-13","GLawrence12","Indonesia"
"Kimberly","Fowler","kfowlerlw@illinois.edu","2012-03-20","2024-01-21","FowlerK2012","Thailand"
"Tammy","Gibson","tgibsonm7@ocn.ne.jp","2012-04-16","2024-02-09","TGibson12","Singapore"
"Dennis","Crawford","dcrawfordm9@digg.com","2012-11-03","2024-02-28","DennisC12","Malaysia"
"Rachel","Nichols","rnicholsmf@mac.com","2012-07-04","2023-09-06","RachelN2012","Malaysia"
"Donna","Santoso","dsantosoo0@simplemachines.org","2012-03-11","2023-09-22","DonnaS","Singapore"
"Laura","Brown","lbrowno3@chicagotribune.com","2012-10-05","2023-09-05","BrownL12","Singapore"
"Betty","Dunn","bdunno6@studiopress.com","2012-04-02","2024-02-23","DBetty12","Singapore"
"Harry","Stephens","hstephensoe@t.co","2013-01-29","2024-02-24","StephensH2013","Indonesia"
"Maria","Young","myoungpk@liveinternet.ru","2012-07-22","2023-12-04","MariaY2012","Malaysia"
"Cynthia","Bradley","cbradleypp@house.gov","2012-04-07","2023-12-03","BradleyC2012","Singapore"
"Michael","King","mkingqa@accuweather.com","2012-05-14","2024-05-11","MKing2012","Indonesia"
"Jane","Day","jdayql@google.ru","2012-07-22","2024-05-14","DJane","Malaysia"
"Jonathan","Bailey","jbailey5@webs.com","1990-01-01","2024-05-03","BJonathan1990","Singapore"
